Player,Squad,Age,MP,Gls,Ast,PK,PKatt,CrdY,CrdR,Glsp90,Astp90,GnPKp90,xG,npxG,xA,xGp90,xAp90,npxGp90,CmpPct,TotDist,PrgDist,SCmpPct,MCmpPct,LCmpPct,KP,DrbSuccPct,Tkl,TklW,Blocks,Int,Clr,Err,Pos,Sh,SoT,SoTp90
Patrick van Aanholt,Crystal Palace,27,36,3,2,0,0,3,0,0.08,0.06,0.08,2.9,2.9,4,0.08,0.11,0.08,80.9,26851,11857,46,86.4,62.6,34,62.8,46,32,61,42,98,1,DF,44,12,0.34
Sergio Agüero,Manchester City,30,33,21,8,2,2,4,0,0.77,0.29,0.7,20.3,18.8,5.2,0.74,0.19,0.69,84.7,9245,1686,60,87.3,74.2,34,52.7,17,14,22,8,1,0,FW,118,41,1.5
Nathan Aké,Bournemouth,23,38,4,0,0,0,3,0,0.11,0,0.11,3.5,3.5,0.7,0.09,0.02,0.09,86.4,30143,10917,31.8,89.8,80.9,5,50,60,37,70,32,237,0,DF,22,8,0.21
Marc Albrighton,Leicester City,28,27,2,2,0,0,3,0,0.11,0.11,0.11,1,1,2.8,0.05,0.16,0.05,59.1,8932,3604,17.7,76,39.4,30,48.9,37,23,30,22,19,0,"FW,MF",19,7,0.39
Toby Alderweireld,Tottenham,29,34,0,0,0,0,3,0,0,0,0,1.3,1.3,0.5,0.04,0.02,0.04,88.3,50426,14985,16.7,93.7,82,7,50,41,23,54,25,162,1,DF,17,6,0.18
Trent Alexander-Arnold,Liverpool,19,29,1,12,0,0,3,0,0.04,0.44,0.04,1.4,1.4,6.3,0.05,0.23,0.05,74.3,34938,13658,23.2,84.7,59.6,48,51.3,57,28,35,35,65,1,DF,29,9,0.33
Alisson,Liverpool,25,38,0,0,0,0,1,0,0,0,0,0,0,0,0,0,0,82.3,30318,16760,50,98.7,70.9,0,100,0,0,0,1,0,4,GK,0,0,0
Dele Alli,Tottenham,22,25,5,3,0,0,4,0,0.25,0.15,0.25,5.1,5.1,2.5,0.25,0.13,0.25,80.3,13914,3358,37.9,85.5,69.6,28,49.1,32,26,36,18,15,0,"MF,FW",40,18,0.89
Miguel Almirón,Newcastle Utd,24,10,0,0,0,0,0,0,0,0,0,1.5,1.4,0.9,0.17,0.1,0.17,72.3,3320,863,16.7,81.1,67.9,12,43.8,17,11,16,9,5,0,"FW,MF",19,8,0.95
Marcos Alonso,Chelsea,27,31,2,4,0,0,6,0,0.07,0.13,0.07,3,3,4,0.1,0.13,0.1,82.6,29324,9874,37,89.1,58.3,31,61.1,67,38,60,38,86,1,DF,43,7,0.23
Daniel Amartey,Leicester City,23,9,0,0,0,0,2,0,0,0,0,0.3,0.3,0.2,0.04,0.03,0.04,81.8,6665,2943,40,88.6,64.6,3,33.3,16,8,14,15,18,0,DF,4,1,0.14
Luke Amos,Tottenham,21,1,0,0,0,0,0,0,0,0,0,0,0,0,0,0,0,50,13,3,,50,,0,,1,1,0,0,0,0,MF,0,0,0
Felipe Anderson,West Ham,25,36,9,4,0,0,3,0,0.27,0.12,0.27,5,5,6.7,0.15,0.2,0.15,73,22850,7749,41.6,82,55.3,60,54.9,76,44,67,45,10,0,"FW,MF",58,24,0.71
Florin Andone,Brighton,25,23,3,0,0,0,5,0,0.31,0,0.31,2.3,2.3,0.2,0.23,0.02,0.23,67.8,1667,216,52.6,73.2,42.1,2,40.6,11,9,9,5,11,0,FW,19,7,0.72
Michail Antonio,West Ham,28,33,6,4,0,0,3,0,0.26,0.17,0.26,7.1,7.1,3.3,0.3,0.14,0.3,66,8177,2307,28.6,75.6,42.2,20,62,31,22,52,19,29,0,"FW,MF",65,25,1.07
Stuart Armstrong,Southampton,26,29,3,2,0,0,2,0,0.19,0.13,0.19,2.2,2.2,1.3,0.14,0.08,0.14,76.4,8420,2162,23.5,83.9,67.3,28,64.3,32,14,21,12,8,0,"MF,FW",32,12,0.75
Marko Arnautović,West Ham,29,28,10,4,1,1,3,0,0.45,0.18,0.41,9.6,8.8,3.7,0.43,0.17,0.4,75.7,7602,1359,39.2,79.3,76.3,33,73.7,10,6,12,3,7,0,FW,62,30,1.36
Kepa Arrizabalaga,Chelsea,23,36,0,0,0,0,2,0,0,0,0,0,0,0,0,0,0,85.7,27156,14923,100,99,74.7,0,100,0,0,0,0,0,2,GK,0,0,0
Harry Arter,Cardiff City,28,25,0,1,0,0,10,0,0,0.05,0,1.1,1.1,0.6,0.05,0.03,0.05,77.5,9771,2810,40,85,62.4,12,77.8,55,40,35,21,17,0,MF,23,4,0.18
Christian Atsu,Newcastle Utd,26,28,1,0,0,0,2,0,0.06,0,0.06,2,2,1.3,0.12,0.08,0.12,73.8,5193,1161,37.5,82.7,50,14,52.5,27,16,22,8,8,0,"MF,FW",28,14,0.84
Pierre-Emerick Aubameyang,Arsenal,29,36,22,5,4,5,0,0,0.73,0.17,0.59,20.7,16.7,4,0.68,0.13,0.55,70.9,7324,1884,38.3,75.7,53.1,33,51.8,21,12,36,9,13,0,FW,89,34,1.12
Serge Aurier,Tottenham,25,8,0,2,0,0,1,0,0,0.32,0,0.1,0.1,0.5,0.01,0.08,0.01,73.8,4361,1788,38.9,79.3,63.5,5,53.3,22,12,14,8,16,1,"DF,MF",4,1,0.16
Charlie Austin,Southampton,29,25,2,2,0,1,1,0,0.18,0.18,0.18,3.6,2.9,0.4,0.33,0.04,0.26,61.1,2051,287,31.3,66,52.8,9,41.7,10,5,11,2,14,0,FW,33,8,0.73
Jordan Ayew,Crystal Palace,26,20,1,2,0,0,3,0,0.08,0.15,0.08,2.4,2.4,1,0.18,0.08,0.18,73.6,2823,526,29,83.9,54.1,13,66.7,42,28,24,7,3,0,FW,26,3,0.23
Floyd Ayité,Fulham,29,16,1,0,0,0,0,0,0.19,0,0.19,0.3,0.3,0.3,0.06,0.05,0.06,76.1,2483,725,38.5,81.5,64.7,8,59.1,9,6,13,7,5,0,"FW,MF",7,1,0.19
César Azpilicueta,Chelsea,28,38,1,5,0,0,4,0,0.03,0.13,0.03,1,1,2.4,0.03,0.06,0.03,85.4,40522,14256,32.6,90.5,68.8,25,61.5,98,56,78,44,92,0,DF,17,7,0.19
Ryan Babel,Fulham,31,16,5,3,0,0,3,0,0.36,0.22,0.36,4.7,4.7,1.9,0.34,0.14,0.34,79.6,6440,1687,41.2,88.2,57.1,23,80,10,7,18,5,10,0,FW,25,9,0.65
Juninho Bacuna,Huddersfield,20,21,1,0,0,0,4,0,0.06,0,0.06,0.5,0.5,1.6,0.03,0.1,0.03,73.3,11230,3789,27.3,83.7,59.9,17,51.7,41,26,32,24,14,0,"MF,DF",17,8,0.51
Leandro Bacuna,Cardiff City,26,11,0,0,0,0,2,0,0,0,0,0.1,0.1,0,0.01,0,0.01,67.9,2153,858,20,77.4,50,1,66.7,15,9,11,13,16,0,"MF,DF",5,1,0.16
Eric Bailly,Manchester Utd,24,12,0,0,0,0,0,1,0,0,0,0.2,0.2,0,0.03,0,0.03,86.1,5489,1689,16.7,94.4,74.5,0,100,14,7,14,14,32,0,DF,3,1,0.14
Leighton Baines,Everton,33,6,0,0,0,0,0,0,0,0,0,0,0,0.2,0.01,0.04,0.01,78.9,3537,1557,57.1,85.5,57.4,4,0,7,4,5,4,4,1,DF,2,1,0.24
Fabián Balbuena,West Ham,26,23,1,0,0,0,2,0,0.04,0,0.04,2.1,2.1,0.1,0.09,0.01,0.09,78.2,13925,5702,38.5,86,66.2,3,100,36,27,34,55,167,1,DF,17,2,0.09
Leon Balogun,Brighton,30,8,1,0,0,0,2,0,0.15,0,0.15,0.2,0.2,0,0.03,0,0.03,79.8,3945,888,75,84.5,74.4,0,66.7,14,7,10,15,40,0,DF,3,1,0.15
Sol Bamba,Cardiff City,33,28,4,1,0,0,7,0,0.15,0.04,0.15,2.7,2.7,0.3,0.1,0.01,0.1,68.4,9028,3462,15.4,73.9,63.5,4,84.2,74,34,90,84,159,1,DF,21,8,0.29
Phil Bardsley,Burnley,33,19,0,0,0,0,9,0,0,0,0,0.2,0.2,0.6,0.01,0.03,0.01,67.9,10171,4847,40,81.6,44.6,6,45.5,36,19,30,27,85,1,DF,12,1,0.05
Ross Barkley,Chelsea,24,27,3,5,0,0,1,0,0.22,0.36,0.22,3.7,3.7,2,0.27,0.15,0.27,90.5,15589,2677,54.2,92.5,87,21,73.1,12,11,14,9,16,1,MF,38,8,0.58
Ashley Barnes,Burnley,28,37,12,2,2,2,8,0,0.45,0.08,0.38,11.6,10.1,3.6,0.44,0.14,0.38,61.9,5019,1092,34.2,68.6,40.9,20,57.9,26,14,31,3,24,1,FW,61,27,1.02
Harvey Barnes,Leicester City,20,16,1,2,0,0,0,0,0.09,0.18,0.09,3.3,3.3,1.4,0.29,0.13,0.29,74.7,3546,944,25.9,81.5,54.8,16,60.6,8,4,10,3,4,0,"FW,MF",39,11,0.99
Antonio Barreca,Newcastle Utd,23,1,0,0,0,0,0,0,0,0,0,0,0,0,0,0,0,33.3,16,16,0,100,0,0,,0,0,0,0,0,0,DF,0,0,0
Michy Batshuayi,Crystal Palace,24,11,5,0,0,0,0,0,0.6,0,0.6,3.6,3.6,0.1,0.43,0.01,0.43,68.5,1614,301,33.3,74.4,61.5,1,68.4,2,1,9,3,1,0,FW,26,10,1.2
Jan Bednarek,Southampton,22,25,0,1,0,0,7,0,0,0.04,0,0.7,0.7,0.4,0.03,0.02,0.03,69.6,12101,5559,40,79.2,54,7,66.7,43,28,57,64,172,0,DF,6,1,0.04
Asmir Begović,Bournemouth,31,24,0,0,0,0,0,0,0,0,0,0,0,0,0,0,0,68.1,14901,10075,,100,54.5,0,,0,0,0,0,1,1,GK,0,0,0
Héctor Bellerín,Arsenal,23,19,0,5,0,0,3,0,0,0.29,0,0.9,0.9,2,0.05,0.12,0.05,83.8,13510,4477,33.3,89,70.7,9,82.6,13,9,31,18,29,0,DF,18,4,0.23
Joe Bennett,Cardiff City,28,30,0,1,0,0,5,0,0,0.03,0,0.5,0.5,1.1,0.02,0.04,0.02,67.6,11667,6053,25.6,78.5,47.2,13,80,50,27,68,57,74,0,DF,10,3,0.1
Ryan Bennett,Wolves,28,34,1,0,0,0,12,0,0.03,0,0.03,1.2,1.2,0.5,0.03,0.01,0.03,78.9,23131,7322,65,87.7,65,5,100,68,36,72,46,142,1,DF,15,3,0.09
Christian Benteke,Crystal Palace,27,16,1,1,0,0,1,0,0.11,0.11,0.11,3.5,3.5,1.2,0.39,0.13,0.39,57.2,2112,377,41.2,58.9,55.2,8,50,5,4,5,0,13,0,FW,29,8,0.88
Jóhann Berg Guðmundsson,Burnley,27,29,3,6,0,0,2,0,0.15,0.31,0.15,2.7,2.7,3.6,0.14,0.18,0.14,66.7,7473,2649,28,79.5,46.7,40,51.4,22,14,40,31,30,0,"MF,FW",34,11,0.57
Bernard,Everton,25,34,1,3,0,0,5,0,0.04,0.13,0.04,2.8,2.8,3.1,0.12,0.13,0.12,73,10614,3250,15.9,81.5,56.7,40,50.6,48,32,52,27,10,0,"FW,MF",24,5,0.21
Bernardo,Brighton,23,22,0,1,0,0,4,0,0,0.05,0,0.4,0.4,0.9,0.02,0.05,0.02,72.5,12840,5472,34.1,82.6,48.8,9,78.9,66,39,53,33,76,0,DF,8,3,0.15
Ryan Bertrand,Southampton,28,24,1,0,0,0,8,0,0.04,0,0.04,1,1,2,0.04,0.08,0.04,72.7,13308,6080,22.7,84.2,45.9,23,33.3,36,19,36,30,46,0,DF,15,2,0.08
Marcus Bettinelli,Fulham,26,7,0,0,0,0,1,0,0,0,0,0,0,0,0,0,0,65,5646,4315,,100,51.7,0,,0,0,0,0,1,0,GK,0,0,0
Philip Billing,Huddersfield,22,27,2,0,0,0,7,0,0.08,0,0.08,2,2,1.1,0.08,0.05,0.08,72.9,18591,5361,28.2,82.3,58.9,17,56.8,69,44,68,58,43,0,MF,43,9,0.37
Yves Bissouma,Brighton,21,28,0,0,0,0,5,0,0,0,0,1.5,1.5,1.1,0.08,0.06,0.08,82,10282,2277,58.1,86.4,70.7,14,68.9,61,40,39,31,31,1,MF,31,3,0.15
Willy Boly,Wolves,27,36,4,0,0,0,2,1,0.11,0,0.11,2.8,2.8,0.9,0.08,0.03,0.08,82.1,27415,11135,30.8,90.1,65.6,10,77.3,80,45,76,68,202,2,DF,22,6,0.17
Léo Bonatini,Wolves,24,7,0,1,0,0,0,0,0,0.67,0,1.4,1.4,0.2,0.96,0.14,0.96,74.5,706,159,0,81,70,2,0,2,2,0,0,0,0,FW,9,1,0.67
Gaëtan Bong,Brighton,30,22,0,0,0,0,0,0,0,0,0,0,0,0.5,0,0.03,0,68,10886,5632,22.2,79.5,45.6,8,40.7,22,15,46,24,54,0,DF,2,0,0
Artur Boruc,Bournemouth,38,12,0,0,0,0,2,0,0,0,0,0,0,0,0,0,0,64.3,7768,5404,,98.9,52.3,0,,0,0,0,0,0,0,GK,0,0,0
Robbie Brady,Burnley,26,16,0,1,0,0,3,1,0,0.12,0,0.7,0.7,1.3,0.08,0.16,0.08,56.4,3017,1094,31.6,74.4,31,13,61.5,12,8,17,8,13,1,"MF,FW",12,2,0.25
Miguel Britos,Watford,33,3,0,0,0,0,0,0,0,0,0,0,0,0,0,0,0,85.7,1045,418,100,92.1,70.6,0,0,4,1,2,3,16,0,DF,0,0,0
David Brooks,Bournemouth,21,30,7,5,0,0,3,0,0.28,0.2,0.28,5.5,5.5,3.9,0.22,0.15,0.22,73.8,10707,3430,29.4,80.7,59,29,55.3,34,22,44,25,22,0,"MF,FW",41,21,0.84
Bruno,Brighton,37,14,0,1,0,0,2,0,0,0.08,0,0.1,0.1,0.3,0,0.02,0,79.8,9870,4571,28.6,90.6,61.8,6,63.6,27,19,10,10,41,1,DF,2,0,0
Joe Bryan,Fulham,24,28,0,1,0,0,5,0,0,0.04,0,0.7,0.7,2.6,0.03,0.1,0.03,70.3,16413,7598,14.3,82.7,44.8,23,66.7,65,39,50,30,74,3,DF,21,7,0.27
David Button,Brighton,29,4,0,0,0,0,0,0,0,0,0,0,0,0,0,0,0,44.4,2266,1848,,100,38.1,0,,0,0,0,0,0,0,GK,0,0,0
Willy Caballero,Chelsea,36,2,0,0,0,0,0,0,0,0,0,0,0,0,0,0,0,81,1505,839,,100,65.7,0,,0,0,1,0,0,0,GK,0,0,0
Gary Cahill,Chelsea,32,2,0,0,0,0,0,0,0,0,0,0,0,0,0,0,0,90,339,195,,88.9,100,0,,0,0,0,0,0,0,DF,0,0,0
Tom Cairney,Fulham,27,31,1,1,0,0,0,0,0.04,0.04,0.04,1,1,2.9,0.04,0.12,0.04,89,21716,4012,55.2,93.1,77.1,37,72.1,38,30,27,10,13,0,"MF,FW",24,5,0.21
Dominic Calvert-Lewin,Everton,21,35,6,2,0,0,3,0,0.3,0.1,0.3,5.3,5.3,1.2,0.27,0.06,0.27,64.2,4058,728,46.7,66.9,57.8,10,54.3,13,8,29,7,16,0,FW,55,17,0.86
Rafael Camacho,Liverpool,18,1,0,0,0,0,0,0,0,0,0,0,0,0,0,0,0,,0,0,,,,0,,1,0,0,0,0,0,DF,0,0,0
Víctor Camarasa,Cardiff City,24,32,5,4,0,0,6,0,0.18,0.14,0.18,2.4,2.4,3.3,0.08,0.12,0.08,69.8,13295,3558,27.1,80.5,53.6,47,60.9,26,16,33,33,23,0,MF,39,10,0.35
Étienne Capoue,Watford,30,33,1,3,0,0,14,1,0.03,0.09,0.03,0.9,0.9,0.9,0.03,0.03,0.03,83.4,29212,8003,60.5,87.5,74.3,9,82.1,90,67,63,86,76,0,MF,17,3,0.09
Andy Carroll,West Ham,29,12,0,0,0,0,2,0,0,0,0,1.7,1.7,0.2,0.33,0.03,0.33,65.6,1354,252,55.6,69.1,56,3,42.9,2,1,5,1,10,1,FW,14,6,1.17
Jonny Castro,Wolves,24,33,1,1,0,0,6,0,0.03,0.03,0.03,2,2,1.6,0.07,0.05,0.07,80.6,17057,5537,27.1,87.2,56.5,25,59.1,74,41,63,64,58,0,"DF,MF",26,7,0.23
Craig Cathcart,Watford,29,36,3,0,0,0,2,0,0.09,0,0.09,2,2,0.4,0.06,0.01,0.06,81.8,22783,7703,54.2,90,70.6,1,100,52,30,55,36,184,2,DF,16,6,0.17
Ivan Cavaleiro,Wolves,24,23,3,1,0,0,1,0,0.39,0.13,0.39,2.1,2.1,1.5,0.28,0.19,0.28,70.8,3891,968,45.8,79.4,49.3,17,68,11,5,8,4,4,0,"FW,MF",12,4,0.52
Petr Čech,Arsenal,36,7,0,0,0,0,0,0,0,0,0,0,0,0,0,0,0,69.4,4852,2753,,95.6,53.9,0,100,0,0,0,0,0,0,GK,0,0,0
Nathaniel Chalobah,Watford,23,9,0,0,0,0,2,0,0,0,0,0.1,0.1,0,0.04,0,0.04,76.9,1734,585,40,83.5,64.5,0,33.3,5,2,3,5,4,0,"MF,FW",2,1,0.33
Calum Chambers,Fulham,23,31,2,0,0,0,9,0,0.07,0,0.07,2.2,2.2,0.7,0.08,0.02,0.08,78.4,22754,6702,44.4,85.8,61.9,15,64.1,52,42,68,70,114,1,"MF,DF",35,12,0.42
Ben Chilwell,Leicester City,21,36,0,4,0,0,4,0,0,0.11,0,0.9,0.9,2.9,0.03,0.08,0.03,70.3,26044,9663,19.4,80.4,43.2,40,53.6,56,36,73,38,114,0,DF,20,10,0.28
Tahith Chong,Manchester Utd,18,2,0,0,0,0,0,0,0,0,0,0.1,0.1,0,0.17,0,0.17,86.7,231,59,0,90.9,100,0,100,0,0,0,0,0,0,FW,2,1,2.37
Hamza Choudhury,Leicester City,20,9,0,0,0,0,0,0,0,0,0,0.3,0.3,0.5,0.05,0.08,0.05,87,3864,725,33.3,90.4,84.6,4,50,23,8,14,15,17,0,MF,4,2,0.3
Andreas Christensen,Chelsea,22,8,0,0,0,0,1,0,0,0,0,0,0,0,0,0,0,93.3,8083,2567,60,94.4,92.9,0,,10,4,8,4,32,0,DF,0,0,0
Cyrus Christie,Fulham,25,28,0,1,0,0,7,0,0,0.05,0,0.4,0.4,1.4,0.02,0.07,0.02,73.4,15085,5404,17.6,84.4,45.4,21,54.5,44,23,41,29,86,0,DF,11,4,0.18
Ibrahima Cissé,Fulham,24,3,0,0,0,0,0,0,0,0,0,0,0,0,0,0,0,84.8,431,201,100,89.3,50,0,50,0,0,1,3,1,0,"MF,FW",0,0,0
Ciaran Clark,Newcastle Utd,28,11,3,0,0,0,1,0,0.31,0,0.31,0.3,0.3,0.4,0.04,0.05,0.04,74.5,4567,1819,14.3,84.6,57.4,3,,15,10,14,12,46,0,DF,7,3,0.31
Tom Cleverley,Watford,28,13,1,0,0,0,2,0,0.19,0,0.19,0.2,0.2,0,0.03,0,0.03,76.4,3050,845,23.1,82.5,70,0,50,18,14,4,4,12,0,"MF,FW",3,1,0.19
Nathaniel Clyne,Bournemouth,27,14,0,1,0,0,2,0,0,0.08,0,0.3,0.3,0.2,0.02,0.02,0.02,77.2,7538,3253,20.7,85.9,55.7,5,66.7,29,13,19,17,39,0,DF,2,0,0
Nathaniel Clyne,Liverpool,27,4,0,0,0,0,0,0,0,0,0,0.1,0.1,0,0.05,0,0.05,81,964,415,80,85.9,60,0,,5,1,1,2,4,0,DF,3,0,0
Conor Coady,Wolves,25,38,0,0,0,0,5,0,0,0,0,0,0,0,0,0,0,84.2,39228,12627,60,92.6,78.5,0,50,31,16,45,31,152,1,DF,0,0,0
Joel Coleman,Huddersfield,22,1,0,0,0,0,0,0,0,0,0,0,0,0,0,0,0,32.4,517,326,0,100,29.4,0,,0,0,0,0,0,0,GK,0,0,0
Séamus Coleman,Everton,29,29,2,2,0,0,1,0,0.07,0.07,0.07,1.2,1.2,2.4,0.04,0.08,0.04,76.9,21085,9037,15.9,85.3,55.9,22,55.6,50,32,40,27,81,1,DF,13,5,0.18
Lewis Cook,Bournemouth,21,13,0,0,0,0,2,0,0,0,0,0.1,0.1,0.1,0.01,0.01,0.01,82,6783,1660,36.4,86.7,75.6,2,64.3,14,8,8,7,8,0,MF,3,0,0
Steve Cook,Bournemouth,27,31,1,1,0,0,3,0,0.03,0.03,0.03,1.1,1.1,1.3,0.03,0.04,0.03,77.7,29083,10946,20,86,69.5,12,80,35,21,45,50,242,1,DF,22,8,0.26
Jack Cork,Burnley,29,37,1,2,0,0,6,0,0.03,0.05,0.03,1.6,1.6,1.5,0.04,0.04,0.04,80.1,19365,4193,53.2,85.4,68.2,17,69.2,46,27,57,29,76,0,MF,15,2,0.05
Hélder Costa,Wolves,24,25,1,2,0,0,3,0,0.07,0.13,0.07,2.4,2.4,1.8,0.16,0.12,0.16,75.5,5672,1217,17.4,83.1,52.7,17,56.3,17,14,17,8,7,0,"FW,MF",25,7,0.47
Aaron Cresswell,West Ham,28,20,0,1,0,0,1,0,0,0.06,0,0.5,0.5,1,0.03,0.06,0.03,78.7,13626,5624,34.6,87.8,56.4,16,61.5,24,15,43,20,60,1,DF,11,0,0
Peter Crouch,Burnley,37,6,0,0,0,0,1,0,0,0,0,0.3,0.3,0,0.32,0,0.32,44,140,49,0,43.5,100,0,,0,0,2,0,3,0,FW,4,1,0.98
Greg Cunningham,Cardiff City,27,7,0,0,0,0,3,0,0,0,0,0,0,0.1,0,0.02,0,72.9,3036,1473,66.7,80,55.6,5,100,13,7,17,14,9,0,DF,1,1,0.14
Diogo Dalot,Manchester Utd,19,16,0,2,0,0,3,0,0,0.18,0,0.4,0.4,1.8,0.04,0.16,0.04,71,7185,2625,20,78.9,57.4,17,63.2,22,13,25,8,36,1,"DF,MF",15,0,0
Matty Daly,Huddersfield,17,2,0,0,0,0,0,0,0,0,0,0,0,0,0,0,0,53.8,72,14,50,54.5,,0,0,0,0,0,0,1,0,MF,0,0,0
Loïc Damour,Cardiff City,27,2,0,0,0,0,0,0,0,0,0,0,0,0,0.12,0,0.12,72.7,233,25,,80,66.7,0,,0,0,0,0,0,0,MF,1,0,0
Charlie Daniels,Bournemouth,31,21,1,0,0,0,4,0,0.06,0,0.06,0.5,0.5,1.1,0.03,0.06,0.03,77,13981,5849,28.6,85.9,55.9,11,61.9,24,16,35,22,34,1,DF,13,3,0.17
Danilo,Manchester City,27,11,1,0,0,0,1,0,0.11,0,0.11,0.4,0.4,0.3,0.05,0.03,0.05,88.1,13915,3100,17.6,92.8,77.8,5,60,21,9,7,16,41,1,DF,14,3,0.33
Scott Dann,Crystal Palace,31,10,0,1,0,0,1,0,0,0.14,0,0.3,0.3,0,0.04,0,0.04,78.2,3784,1692,16.7,93.5,53.7,0,100,5,1,24,5,62,0,DF,6,1,0.14
Matteo Darmian,Manchester Utd,28,6,0,0,0,0,0,0,0,0,0,0,0,0.1,0,0.02,0,85.4,2960,1297,40,92.9,64.4,2,50,12,6,8,7,20,0,DF,1,1,0.2
Ben Davies,Tottenham,25,27,0,0,0,0,2,0,0,0,0,0.8,0.8,2.1,0.04,0.1,0.04,81.5,18467,7269,22.9,88.7,62.4,17,33.3,44,24,39,23,66,0,DF,15,1,0.05
Tom Davies,Everton,20,16,0,0,0,0,3,0,0,0,0,0.3,0.3,0.4,0.03,0.04,0.03,78.9,7840,1831,31.6,85.6,67.4,5,66.7,27,13,13,17,5,0,MF,7,2,0.18
Steven Davis,Southampton,33,3,0,1,0,0,0,0,0,0.92,0,0,0,0.6,0,0.53,0,94.2,1339,434,100,94,94.4,3,,3,3,4,2,4,0,MF,0,0,0
Kevin De Bruyne,Manchester City,27,19,2,2,0,0,2,0,0.18,0.18,0.18,2.4,2.4,3.4,0.22,0.32,0.22,76.3,12509,3382,33.3,84.6,64,33,68,20,16,9,3,3,0,MF,31,11,1.02
Troy Deeney,Watford,30,32,9,5,1,1,4,1,0.32,0.18,0.28,9.2,8.4,4.6,0.32,0.16,0.3,62.4,7505,2717,33.3,68.6,43,40,33.3,28,19,36,8,30,0,FW,61,28,0.99
Jermain Defoe,Bournemouth,35,4,0,0,0,0,0,0,0,0,0,0.4,0.4,0,1.28,0,1.28,,0,0,,,,0,,0,0,0,0,0,0,"DF,FW",1,1,3.6
Steven Defour,Burnley,30,6,0,0,0,0,0,0,0,0,0,0,0,0,0,0.01,0,79.2,4054,1078,25,89.2,65.5,2,50,8,4,9,7,8,0,MF,0,0,0
Fabian Delph,Manchester City,28,11,0,1,0,0,1,1,0,0.12,0,0.1,0.1,0.3,0.01,0.04,0.01,91.3,12042,3058,9.1,95.3,81.1,3,75,18,7,3,13,20,2,DF,4,3,0.37
Mousa Dembélé,Tottenham,31,10,0,0,0,0,1,0,0,0,0,0,0,0,0.01,0,0.01,90.3,4789,964,100,90.3,89.1,0,66.7,15,9,6,10,5,0,MF,1,0,0
Leander Dendoncker,Wolves,23,19,2,0,0,0,1,0,0.12,0,0.12,2.6,2.6,1.1,0.16,0.07,0.16,80.6,8274,1826,35.5,84.6,75.9,7,92.3,47,35,45,22,29,0,MF,16,9,0.55
Laurent Depoitre,Huddersfield,29,23,0,1,0,0,1,0,0,0.08,0,3.7,3.7,0.6,0.31,0.05,0.31,64.8,2246,458,42.9,67.6,53.3,7,46.7,9,9,14,2,8,0,FW,34,7,0.59
Gerard Deulofeu,Watford,24,30,10,5,0,0,3,0,0.44,0.22,0.44,8.5,8.5,4.6,0.37,0.2,0.37,73,9204,2193,25,80.8,57.9,30,62,10,8,17,15,6,0,FW,62,23,1
Fousseni Diabaté,Leicester City,22,1,0,0,0,0,0,0,0,0,0,0,0,0.1,0,0.15,0,55.6,161,38,0,64.3,50,1,,3,3,1,0,0,0,FW,0,0,0
Adama Diakhaby,Huddersfield,22,12,0,0,0,0,1,0,0,0,0,0.8,0.8,0.4,0.13,0.07,0.13,72,1783,279,0,79,50,5,55,4,3,8,1,0,0,"FW,MF",7,3,0.49
Mohamed Diamé,Newcastle Utd,31,29,0,0,0,0,3,0,0,0,0,1,1,0,0.04,0,0.04,77.1,10387,2494,37,84.1,63.7,1,57.5,72,48,50,30,39,0,MF,21,3,0.12
Grady Diangana,West Ham,20,17,0,1,0,0,0,0,0,0.15,0,0.6,0.6,1.2,0.08,0.17,0.08,75.5,2919,785,33.3,80.6,58.3,11,50,21,10,11,2,3,0,"FW,MF",10,3,0.44
Eric Dier,Tottenham,24,20,3,0,0,0,4,0,0.18,0,0.18,1.6,1.6,0.9,0.1,0.05,0.1,84.1,17043,4569,30.4,89.2,74.1,8,50,25,12,33,21,43,0,MF,9,3,0.18
Lucas Digne,Everton,25,35,4,4,0,0,5,1,0.12,0.12,0.12,1.2,1.2,6,0.04,0.18,0.04,70.9,26883,12195,24.3,83.4,47.8,70,43.8,84,45,74,58,118,0,DF,34,10,0.3
Virgil van Dijk,Liverpool,27,38,4,2,0,0,1,0,0.11,0.05,0.11,3.1,3.1,1.1,0.08,0.03,0.08,90.4,61696,17542,27.3,93.6,86.2,6,70,35,25,43,42,227,0,DF,32,8,0.21
Issa Diop,West Ham,21,33,1,0,0,0,4,0,0.03,0,0.03,1.4,1.4,0.1,0.04,0,0.04,85.3,19676,6689,48,88.2,81.3,2,100,67,34,81,60,163,2,DF,14,4,0.12
Matt Doherty,Wolves,26,38,4,5,0,0,5,0,0.11,0.14,0.11,5.5,5.5,4.6,0.16,0.13,0.16,72.9,22929,10172,33.3,80,54.7,41,48.2,68,33,80,60,98,0,"DF,MF",43,17,0.49
Abdoulaye Doucouré,Watford,25,35,5,6,0,0,7,0,0.15,0.18,0.15,5.5,5.5,4,0.16,0.12,0.16,83.4,28537,6923,39.7,86.8,78.1,37,66.1,71,48,35,32,43,3,MF,52,16,0.47
Luke Dreher,Crystal Palace,19,1,0,0,0,0,0,0,0,0,0,0,0,0,0,0,0,100,28,0,,100,,0,,0,0,0,0,0,0,MF,0,0,0
Martin Dúbravka,Newcastle Utd,29,38,0,0,0,0,1,0,0,0,0,0,0,0,0,0,0,59.5,26442,18423,25,98.8,48.2,0,100,0,0,0,0,5,3,GK,0,0,0
Shane Duffy,Brighton,26,35,5,1,0,0,4,1,0.15,0.03,0.15,2.9,2.9,0.3,0.08,0.01,0.08,78.1,23988,7882,71.4,84.2,71.1,6,100,32,20,71,36,302,2,DF,39,14,0.41
Demeaco Duhaney,Huddersfield,19,1,0,0,0,0,0,0,0,0,0,0,0,0,0,0,0,71.4,343,187,0,80,57.1,0,,2,1,5,0,0,0,DF,0,0,0
Paul Dummett,Newcastle Utd,26,26,0,0,0,0,1,0,0,0,0,0.3,0.3,0.7,0.01,0.03,0.01,72.3,12842,6676,28.6,82.5,55.3,5,66.7,38,16,46,36,129,1,DF,8,1,0.05
Lewis Dunk,Brighton,26,36,2,1,0,0,6,1,0.06,0.03,0.06,1.4,1.4,0.7,0.04,0.02,0.04,83.3,30199,8695,45.2,92.1,74.5,9,33.3,46,32,66,51,225,0,DF,22,4,0.11
Erik Durm,Huddersfield,26,28,0,1,0,0,0,0,0,0.04,0,0.3,0.3,0.9,0.01,0.04,0.01,69.8,12973,4976,12.8,81.1,48.5,12,75,48,28,36,38,50,0,DF,8,0,0
Bruno Ecuele Manga,Cardiff City,30,38,0,1,0,0,0,0,0,0.03,0,1,1,0.4,0.03,0.01,0.03,63.6,15221,7237,21.7,74,50.5,5,82.4,68,43,86,79,162,4,DF,11,2,0.05
Ederson,Manchester City,24,38,0,1,0,0,2,0,0,0.03,0,0,0,0.3,0,0.01,0,85.7,24419,14709,33.3,99.8,71,3,100,1,1,0,1,1,1,GK,0,0,0
Harvey Elliot,Fulham,,2,0,0,0,0,0,0,0,0,0,0.1,0.1,0,0.31,0,0.31,83.3,176,35,,87.5,75,0,100,1,0,0,0,0,0,MF,1,1,4.5
Mohamed Elneny,Arsenal,26,8,0,0,0,0,0,0,0,0,0,0.5,0.5,0.1,0.12,0.03,0.12,90.2,5088,1243,40,93.1,85.9,4,50,10,5,5,2,8,0,MF,7,0,0
Mohamed Elyounoussi,Southampton,23,16,0,0,0,0,0,0,0,0,0,1.8,1.8,0.9,0.21,0.1,0.21,65.2,2887,915,31.3,74.1,45.9,13,50,18,11,13,7,4,0,"MF,FW",19,6,0.68
Christian Eriksen,Tottenham,26,35,8,12,0,0,3,0,0.26,0.39,0.26,5.2,5.2,6.8,0.17,0.22,0.17,77.6,28609,7805,33.3,85.5,61.4,75,56.8,41,27,44,14,8,0,"MF,FW",84,31,1.01
Neil Etheridge,Cardiff City,28,38,0,0,0,0,2,0,0,0,0,0,0,0.2,0,0,0,33.3,23283,20303,0,88.5,32.1,3,,0,0,0,6,0,0,GK,0,0,0
Jonny Evans,Leicester City,30,24,1,0,0,0,2,0,0.05,0,0.05,0.9,0.9,0.2,0.04,0.01,0.04,85.6,19495,5850,44.4,91.5,76.3,4,,24,17,36,33,154,2,DF,10,4,0.18
Łukasz Fabiański,West Ham,33,38,0,0,0,0,0,0,0,0,0,0,0,0.2,0,0,0,54.1,27972,20620,66.7,99,45.5,3,100,0,0,0,1,3,0,GK,0,0,0
Fabinho,Liverpool,24,28,1,2,0,0,6,0,0.04,0.09,0.04,0.9,0.9,1.3,0.04,0.06,0.04,86,27109,6384,40,90.7,76.1,16,73.7,60,34,40,31,46,0,MF,17,4,0.18
Cesc Fàbregas,Chelsea,31,6,0,0,0,0,1,0,0,0,0,0.1,0.1,0.3,0.04,0.17,0.04,85.5,3038,1041,0,91.3,68.3,3,,10,9,2,1,1,0,MF,1,0,0
Fabricio,Fulham,30,2,0,0,0,0,0,0,0,0,0,0,0,0,0,0,0,68,1178,824,,93.3,57.1,0,,0,0,0,0,0,0,GK,0,0,0
Marouane Fellaini,Manchester Utd,30,14,0,1,0,0,1,0,0,0.12,0,0.5,0.5,0.1,0.06,0.01,0.06,80.1,5685,1643,29.2,85.8,72.2,3,57.1,23,15,13,3,28,0,MF,8,3,0.36
Kiko Femenía,Watford,27,29,1,1,0,0,1,0,0.04,0.04,0.04,0.4,0.4,2,0.02,0.09,0.02,80.9,16155,6758,35.7,87.6,61.6,15,66.7,53,30,37,38,68,1,DF,7,3,0.13
Federico Fernández,Newcastle Utd,29,19,0,1,0,0,2,0,0,0.06,0,0.2,0.2,0.3,0.01,0.02,0.01,77.7,11554,4212,28.6,87.2,67.4,4,100,22,16,32,25,104,0,DF,4,1,0.06
Fernandinho,Manchester City,33,29,1,3,0,0,5,0,0.04,0.11,0.04,2,2,2.7,0.07,0.1,0.07,87.2,33312,9062,41.5,90.7,79.2,24,44.4,59,50,35,40,77,1,MF,31,7,0.27
Roberto Firmino,Liverpool,26,34,12,6,1,1,0,0,0.41,0.21,0.38,12.5,11.7,5.9,0.43,0.2,0.41,81,15904,4432,34.3,85.1,75.1,42,69.2,33,29,40,6,14,1,"FW,MF",73,31,1.07
Phil Foden,Manchester City,18,13,1,0,0,0,0,0,0.27,0,0.27,2.5,2.5,0.6,0.67,0.16,0.67,86,2955,456,50,90.1,78.6,8,60,7,7,4,3,1,0,MF,14,6,1.61
Fraser Forster,Southampton,30,1,0,0,0,0,0,0,0,0,0,0,0,0,0,0,0,43.5,444,387,,100,27.8,0,,0,0,0,0,0,1,GK,0,0,0
Ben Foster,Watford,35,38,0,0,0,0,1,0,0,0,0,0,0,0.3,0,0.01,0,48.3,28046,23821,0,95.8,41,7,,0,0,0,1,6,1,GK,1,0,0
Timothy Fosu-Mensah,Fulham,20,12,0,0,0,0,3,0,0,0,0,0.1,0.1,0.4,0.01,0.05,0.01,79,7249,2790,0,88,61.2,4,75,18,7,18,12,18,0,DF,4,1,0.11
Juan Foyth,Tottenham,20,12,1,0,0,0,3,1,0.1,0,0.1,0.6,0.6,0.3,0.06,0.03,0.06,86.1,9974,2929,36.4,89.8,79.6,3,91.7,37,21,21,11,47,1,DF,5,1,0.1
Simon Francis,Bournemouth,33,17,0,2,0,0,1,0,0,0.15,0,0.1,0.1,1,0.01,0.07,0.01,73.4,11601,5627,16.7,84,55.5,11,66.7,22,13,27,19,57,0,DF,3,1,0.07
Ryan Fraser,Bournemouth,24,38,7,14,0,0,2,0,0.2,0.4,0.2,4.7,4.7,12.2,0.13,0.35,0.13,67.7,18740,6522,24.3,78.7,48.7,87,50,14,6,41,23,22,0,"MF,FW",50,24,0.68
Fred,Manchester Utd,25,17,1,1,0,0,2,0,0.09,0.09,0.09,0.9,0.9,0.9,0.07,0.08,0.07,85.3,13141,3451,57.1,89.2,78.3,14,55,37,25,32,16,6,1,MF,17,2,0.17
Ryan Fredericks,West Ham,25,15,1,0,0,0,5,0,0.08,0,0.08,0.5,0.5,0.2,0.04,0.02,0.04,72.4,6041,2556,21.7,81.7,44.4,3,66.7,31,17,31,14,56,0,DF,5,2,0.17
Christian Fuchs,Leicester City,32,3,0,0,0,0,0,0,0,0,0,0,0,0.3,0.02,0.12,0.02,76.6,2337,1103,0,91.4,53.2,6,100,4,2,4,4,7,0,DF,2,0,0
Manolo Gabbiadini,Southampton,26,12,1,0,0,0,0,0,0.19,0,0.19,1.8,1.8,0.2,0.34,0.04,0.34,69.7,1114,293,40,75.5,45.5,4,30,5,2,6,3,5,0,"FW,MF",21,8,1.51
Sam Gallagher,Southampton,22,4,0,0,0,0,0,0,0,0,0,0,0,0,0,0,0,25,18,0,,28.6,0,0,,0,0,2,0,1,0,FW,0,0,0
Idrissa Gana Gueye,Everton,28,33,0,2,0,0,6,0,0,0.06,0,0.7,0.7,1.1,0.02,0.03,0.02,84.1,28783,7529,45.5,87.3,77.9,19,75.9,135,97,58,74,50,1,MF,20,3,0.1
James Garner,Manchester Utd,17,1,0,0,0,0,0,0,0,0,0,0,0,0,0,0,0,0,0,0,,0,,0,,0,0,0,0,0,0,MF,0,0,0
Paulo Gazzaniga,Tottenham,26,3,0,0,0,0,0,0,0,0,0,0,0,0,0,0,0,66.7,2073,1166,,94.9,50,0,,0,0,0,0,0,0,GK,0,0,0
David de Gea,Manchester Utd,27,38,0,0,0,0,1,0,0,0,0,0,0,0,0,0,0,65.5,28362,21563,100,98.8,55.2,1,,1,1,1,0,2,1,GK,0,0,0
Rachid Ghezzal,Leicester City,26,19,1,0,0,0,3,0,0.12,0,0.12,1.1,1.1,1.8,0.14,0.21,0.14,76.2,6215,1684,50,83.8,58.5,15,60.9,13,9,11,7,5,0,"FW,MF",21,6,0.73
Morgan Gibbs-White,Wolves,18,26,0,1,0,0,1,0,0,0.14,0,0.8,0.8,1.4,0.11,0.19,0.11,80.7,5384,991,20,83.3,80.4,12,59.1,5,2,5,2,3,0,"MF,FW",8,1,0.14
Ben Gibson,Burnley,25,1,1,0,0,0,1,0,1.45,0,1.45,0.5,0.5,0,0.79,0,0.79,65.6,402,129,,81,36.4,0,100,2,2,1,0,3,0,DF,1,1,1.45
Olivier Giroud,Chelsea,31,27,2,4,0,0,1,0,0.21,0.43,0.21,4,4,2,0.43,0.21,0.43,69.3,2173,218,56.3,69.4,78.9,16,66.7,4,2,6,3,4,0,FW,31,10,1.06
André Gomes,Everton,25,27,1,1,0,0,7,0,0.05,0.05,0.05,1.5,1.5,0.6,0.07,0.03,0.07,83.3,21258,4816,37.1,87.5,78.2,7,68,43,32,32,20,21,0,MF,22,5,0.23
Angel Gomes,Manchester Utd,17,2,0,0,0,0,0,0,0,0,0,0.1,0.1,0,0.35,0,0.35,87,329,77,50,88.9,100,0,,1,0,0,0,0,0,"MF,FW",2,1,3.33
Joe Gomez,Liverpool,21,16,0,0,0,0,2,0,0,0,0,0.2,0.2,0.4,0.01,0.03,0.01,85.1,15348,4917,25,90.3,77.8,6,80,16,11,14,15,33,1,DF,4,1,0.08
Jon Gorenc Stanković,Huddersfield,22,11,1,0,0,0,2,0,0.13,0,0.13,1.1,1.1,0.2,0.14,0.02,0.14,78.7,4401,1234,25,89.1,65.2,4,75,25,15,20,11,36,1,"MF,DF",9,2,0.25
Dan Gosling,Bournemouth,28,25,2,1,0,0,8,0,0.1,0.05,0.1,1.5,1.5,1.1,0.08,0.06,0.08,79.4,14741,4118,25,84.4,70.7,7,53.3,45,25,37,22,38,1,MF,21,7,0.36
Karlan Grant,Huddersfield,20,13,3,0,0,0,0,0,0.31,0,0.31,2.8,2.8,0.4,0.29,0.04,0.29,69,1990,474,11.8,77.3,50,8,54.2,2,1,9,1,2,0,"FW,MF",21,10,1.03
Andre Gray,Watford,27,29,7,2,0,0,2,0,0.46,0.13,0.46,6.2,6.2,1.4,0.41,0.09,0.41,67.1,2354,520,36,73.6,51.5,13,54.5,3,3,5,2,3,0,FW,37,15,0.99
Demarai Gray,Leicester City,22,34,4,1,0,0,2,0,0.18,0.05,0.18,4.1,4.1,0.7,0.19,0.03,0.19,73.8,8075,1716,31.6,81.8,53.4,11,66.7,19,13,26,9,12,0,"FW,MF",46,19,0.86
Mason Greenwood,Manchester Utd,16,3,0,0,0,0,0,0,0,0,0,0.8,0.8,0.1,0.63,0.1,0.63,83.6,703,145,33.3,92,50,3,50,3,1,2,0,1,0,FW,7,4,3.08
Pascal Groß,Brighton,27,25,3,3,1,2,1,0,0.14,0.14,0.1,3.7,2.2,4.8,0.18,0.23,0.11,69,13134,4291,38.7,81.9,50.1,53,83.3,24,15,33,15,22,0,MF,21,7,0.34
Vicente Guaita,Crystal Palace,31,20,0,0,0,0,2,0,0,0,0,0,0,0,0,0,0,50.2,11919,9316,100,98.2,39,1,,0,0,1,0,2,1,GK,0,0,0
Mattéo Guendouzi,Arsenal,19,33,0,0,0,0,9,0,0,0,0,0.5,0.5,2,0.02,0.08,0.02,87,27251,7336,32.6,91.6,80.2,19,73.8,36,25,37,27,28,1,MF,15,3,0.13
İlkay Gündoğan,Manchester City,27,31,6,3,0,0,3,0,0.25,0.13,0.25,3.6,3.6,4,0.15,0.17,0.15,87.7,33302,6806,47.8,93.1,74.5,43,70.8,17,10,30,29,23,0,MF,43,11,0.46
Angus Gunn,Southampton,22,12,0,0,0,0,0,0,0,0,0,0,0,0,0,0,0,38.8,5691,4583,,100,31.1,0,0,0,0,0,0,1,1,GK,0,0,0
Aron Gunnarsson,Cardiff City,29,28,1,1,0,0,5,0,0.04,0.04,0.04,1.3,1.3,1.4,0.05,0.06,0.05,65.6,12383,4567,48.1,77.2,51,13,90,63,48,49,38,47,1,MF,20,4,0.16
Florent Hadergjonaj,Huddersfield,24,24,0,0,0,0,1,0,0,0,0,0.3,0.3,1.6,0.02,0.08,0.02,71.8,12572,4929,25.6,82.5,51.7,24,47.8,30,11,46,22,30,2,"DF,MF",6,2,0.1
Ben Hamer,Huddersfield,30,7,0,0,0,0,0,0,0,0,0,0,0,0,0,0,0,46.9,4175,3222,,95.5,40.7,0,,0,0,0,1,0,0,GK,0,0,0
Kadeem Harris,Cardiff City,25,13,1,0,0,0,1,0,0.24,0,0.24,1,1,0.4,0.24,0.09,0.24,64.6,953,248,0,72.5,46.2,5,50,7,2,3,3,3,0,"MF,FW",5,3,0.72
Joe Hart,Burnley,31,19,0,0,0,0,0,0,0,0,0,0,0,0,0,0,0,45.2,13832,11662,0,97.8,40.8,1,,0,0,0,0,0,0,GK,0,0,0
Isaac Hayden,Newcastle Utd,23,25,1,4,0,0,3,1,0.05,0.19,0.05,0.8,0.8,1.7,0.04,0.08,0.04,80.2,9817,2178,32.1,85.4,70.1,20,73.3,66,43,46,38,42,1,MF,20,5,0.24
Eden Hazard,Chelsea,27,37,16,15,4,4,2,0,0.49,0.46,0.37,11.2,8.2,9.2,0.34,0.28,0.25,79.8,27836,7322,34.7,85.4,67.8,93,65.7,8,6,14,10,1,0,FW,90,39,1.2
Rhys Healey,Cardiff City,23,3,0,0,0,0,0,0,0,0,0,0,0,0,0.06,0,0.06,20,44,24,0,25,25,0,50,1,0,0,0,0,0,"FW,MF",1,0,0
Tom Heaton,Burnley,32,19,0,0,0,0,3,0,0,0,0,0,0,0.1,0,0,0,48.5,13943,11815,,97.1,42.1,2,100,0,0,0,0,1,1,GK,1,0,0
Jordan Henderson,Liverpool,28,32,1,3,0,0,2,1,0.05,0.14,0.05,1.8,1.8,1.4,0.08,0.06,0.08,86.2,32009,7087,36,91.5,79,14,50,44,37,42,32,22,0,MF,16,1,0.05
Jeff Hendrick,Burnley,26,32,3,0,0,0,4,0,0.13,0,0.13,1.6,1.6,1.5,0.07,0.06,0.07,73.3,8369,2149,28.6,81.7,56.9,15,43.8,36,25,29,13,26,0,"MF,FW",19,6,0.26
Wayne Hennessey,Crystal Palace,31,18,0,0,0,0,0,0,0,0,0,0,0,0,0,0,0,53.1,10826,8505,,100,43.9,0,,0,0,0,0,0,0,GK,0,0,0
Javier Hernández,West Ham,30,25,7,1,0,0,2,0,0.47,0.07,0.47,6.4,6.4,1.7,0.43,0.11,0.43,71.8,4039,786,27.8,75.4,70.1,6,73.7,3,2,5,2,8,0,FW,34,16,1.08
Ander Herrera,Manchester Utd,28,22,2,3,0,0,4,0,0.13,0.19,0.13,1.8,1.8,1,0.12,0.06,0.12,87.3,14140,4055,44.4,92.1,72.8,12,80,54,37,38,39,24,0,MF,21,9,0.58
Son Heung-min,Tottenham,26,31,12,6,0,0,2,1,0.53,0.26,0.53,7.6,7.6,3.2,0.34,0.14,0.34,83.7,9639,1947,31.3,88.6,77.2,31,56.7,18,7,27,8,5,0,"FW,MF",75,28,1.24
Gonzalo Higuaín,Chelsea,30,14,5,0,0,0,0,0,0.41,0,0.41,5,5,1.1,0.41,0.09,0.41,77.8,3669,372,60.9,82.1,64,15,73.7,6,5,6,1,4,0,FW,45,13,1.08
Wesley Hoedt,Southampton,24,13,0,0,0,0,2,0,0,0,0,0.5,0.5,0,0.04,0,0.04,77.1,11771,4001,33.3,84.5,68.3,1,85.7,26,11,23,23,62,0,DF,6,1,0.08
Jonathan Hogg,Huddersfield,29,29,0,1,0,0,8,1,0,0.04,0,0.3,0.3,0.5,0.01,0.02,0.01,83.9,24059,5921,45.5,88.3,74.2,16,82.4,83,60,57,69,23,0,MF,8,1,0.04
Junior Hoilett,Cardiff City,28,32,3,1,0,0,4,0,0.13,0.04,0.13,3.5,3.5,1.2,0.15,0.05,0.15,62.9,5573,1933,22.9,78,34.8,23,36.4,42,24,42,29,22,0,"FW,MF",41,10,0.42
Rob Holding,Arsenal,22,10,0,0,0,0,1,0,0,0,0,0,0,0.1,0,0.01,0,87.9,11241,3676,50,91.1,82.3,2,66.7,14,10,19,10,32,0,DF,1,0,0
José Holebas,Watford,34,28,3,6,0,0,12,1,0.11,0.23,0.11,1.2,1.2,3.6,0.04,0.14,0.04,61.6,16549,7823,27.3,80.8,40.1,36,50,68,45,48,19,82,0,DF,17,6,0.23
Mason Holgate,Everton,21,5,0,0,0,0,1,0,0,0,0,0,0,0,0,0,0,74.4,4537,1575,25,81.9,66.4,0,50,5,2,5,3,19,0,DF,0,0,0
Callum Hudson-Odoi,Chelsea,17,10,0,1,0,0,0,0,0,0.23,0,0.6,0.6,0.8,0.14,0.19,0.14,81.4,3131,648,0,85.8,67.4,8,61.1,8,6,2,3,0,0,FW,6,3,0.69
Will Hughes,Watford,23,32,2,4,0,0,5,0,0.07,0.15,0.07,2.6,2.6,3.3,0.1,0.12,0.1,76.8,11520,3796,45.3,83.2,57.6,28,48.8,71,42,71,25,26,0,"MF,FW",31,8,0.3
Emerson Hyndman,Bournemouth,22,1,0,0,0,0,0,0,0,0,0,0,0,0,0,0,0,73.9,292,29,33.3,76.5,100,0,,4,2,1,1,0,0,MF,0,0,0
Pierre Højbjerg,Southampton,22,31,4,3,0,0,8,2,0.13,0.1,0.13,2.5,2.5,2.4,0.08,0.08,0.08,82,28938,7067,30.2,87.1,72.5,27,71.4,80,64,60,64,30,1,MF,53,19,0.62
Jordon Ibe,Bournemouth,22,19,1,1,0,0,1,0,0.11,0.11,0.11,0.6,0.6,0.6,0.07,0.07,0.07,75.1,3736,1167,19,82.4,69.5,10,61,4,3,3,4,5,0,"MF,FW",9,3,0.34
Vicente Iborra,Leicester City,30,8,0,0,0,0,0,0,0,0,0,0.1,0.1,0.1,0.05,0.03,0.05,86.1,2730,624,42.9,86.7,91.5,1,,5,4,3,5,4,0,MF,2,1,0.39
Kelechi Iheanacho,Leicester City,21,30,1,3,0,0,2,0,0.1,0.29,0.1,2.7,2.7,1.7,0.26,0.17,0.26,75.3,3346,684,36.4,80.7,59.2,14,55,8,6,6,2,2,0,"FW,MF",19,6,0.57
Danny Ings,Southampton,26,24,7,3,3,3,1,0,0.38,0.16,0.22,8.8,6.6,2.6,0.48,0.14,0.36,68.8,4558,1194,52,74,53.8,25,68,26,16,20,4,8,1,FW,52,19,1.04
Alex Iwobi,Arsenal,22,35,3,6,0,0,0,0,0.14,0.27,0.14,3,3,5.3,0.14,0.24,0.14,75.1,12829,3703,14.3,82.7,59.7,39,57,23,17,27,12,4,0,"FW,MF",35,14,0.64
José Izquierdo,Brighton,26,15,0,1,0,0,1,0,0,0.11,0,0.8,0.8,0.4,0.09,0.05,0.09,77.1,2460,812,30.8,82.9,66.7,5,47.8,18,8,10,5,9,0,"MF,FW",15,4,0.45
Phil Jagielka,Everton,35,7,1,0,0,0,0,1,0.27,0,0.27,0.5,0.5,0.2,0.14,0.04,0.14,76.8,3372,829,0,83.5,71.4,1,,8,5,7,2,23,0,DF,1,1,0.27
Alireza Jahanbakhsh,Brighton,24,19,0,0,0,0,2,0,0,0,0,0.9,0.9,0.3,0.08,0.03,0.08,68.6,3800,1206,20,79,52.6,4,42.5,39,24,12,11,7,0,"FW,MF",22,7,0.62
Daryl Janmaat,Watford,29,18,0,2,0,0,3,0,0,0.12,0,0.4,0.4,0.7,0.02,0.04,0.02,70.8,10749,4694,15.8,82.5,51.7,10,66.7,33,16,35,30,58,0,DF,11,1,0.06
Vincent Janssen,Tottenham,24,3,0,0,0,0,0,0,0,0,0,0.3,0.3,0,0.59,0,0.59,70,68,0,0,87.5,0,0,,1,0,0,0,0,0,FW,3,2,4.62
Carl Jenkinson,Arsenal,26,3,0,0,0,0,0,0,0,0,0,0,0,0,0,0,0,78.3,1161,305,12.5,90,57.1,0,0,4,3,3,0,2,0,DF,0,0,0
Gabriel Jesus,Manchester City,21,29,7,3,1,1,1,0,0.61,0.26,0.52,9.6,8.8,1.7,0.83,0.15,0.77,82.7,4031,516,42.1,85.8,76.7,20,48.9,9,6,14,2,2,0,FW,42,22,1.91
Raúl Jiménez,Wolves,27,38,13,7,2,2,4,0,0.38,0.2,0.32,13.8,12.3,7,0.4,0.2,0.36,73.6,12606,2289,31.3,78.9,64.9,42,57.1,26,17,23,27,40,0,FW,113,32,0.93
Stefan Johansen,Fulham,27,12,0,0,0,0,4,0,0,0,0,0,0,0.1,0.01,0.02,0.01,76.8,3595,1336,37.5,83.5,63.6,1,75,8,5,9,3,4,0,MF,1,0,0
Ben Johnson,West Ham,18,1,0,0,0,0,0,0,0,0,0,0,0,0,0,0,0,86.4,239,115,0,100,33.3,0,0,1,1,3,1,1,0,DF,0,0,0
Tyreke Johnson,Southampton,19,1,0,0,0,0,0,0,0,0,0,0,0,0,0,0,0,,0,0,,,,0,,0,0,0,0,0,0,FW,0,0,0
Phil Jones,Manchester Utd,26,18,0,1,0,0,1,0,0,0.07,0,0.4,0.4,0.6,0.03,0.04,0.03,92.5,14538,4036,40,93.1,92.3,3,100,26,18,26,22,86,1,DF,5,2,0.14
Jorginho,Chelsea,26,37,2,0,1,1,8,0,0.06,0,0.03,1.5,0.7,3,0.04,0.08,0.02,89.1,45124,13770,51.5,92.4,77.8,29,71.4,75,55,55,67,28,0,MF,18,6,0.17
Joselu,Newcastle Utd,28,16,2,0,0,0,1,0,0.3,0,0.3,1.6,1.6,0,0.24,0,0.24,63.6,1819,334,21.4,66.9,66.7,1,63.6,10,7,7,3,14,0,FW,16,5,0.76
Diogo Jota,Wolves,21,33,9,5,0,0,11,0,0.34,0.19,0.34,8.2,8.2,3.8,0.31,0.14,0.31,75.8,9659,2057,27.7,81.9,62.4,27,55.2,29,19,22,14,9,0,"FW,MF",57,23,0.88
Mathias Jørgensen,Huddersfield,28,24,3,1,0,0,6,0,0.13,0.04,0.13,1.2,1.2,0.3,0.05,0.01,0.05,81.7,18959,8020,51.6,88.1,70.6,8,40,45,22,39,64,112,0,DF,8,4,0.17
Christian Kabasele,Watford,27,21,0,0,0,0,4,1,0,0,0,1.4,1.4,0.1,0.08,0,0.08,73,9585,3355,57.1,80.2,63.2,1,,30,18,38,37,93,1,DF,8,2,0.11
Elias Kachunga,Huddersfield,26,20,0,0,0,0,2,0,0,0,0,1.1,1.1,0.1,0.09,0.01,0.09,72.1,3314,705,37.9,77.7,61.5,4,50,22,9,15,4,13,0,"FW,MF",14,3,0.23
Aboubakar Kamara,Fulham,23,13,3,0,1,2,2,0,0.39,0,0.26,3.7,2.2,0.8,0.48,0.11,0.28,70.2,2866,539,0,77.8,55.1,11,48.5,10,8,12,1,5,0,"FW,MF",19,8,1.04
Harry Kane,Tottenham,25,28,17,4,4,4,5,0,0.63,0.15,0.48,13.9,10.8,4,0.52,0.15,0.4,73.6,8165,2156,30,79.4,67.1,29,62.3,11,7,18,1,13,0,FW,97,42,1.56
N'Golo Kanté,Chelsea,27,36,4,4,0,0,3,0,0.12,0.12,0.12,2.6,2.6,3.5,0.08,0.1,0.08,87.8,28654,6403,54.3,90.4,82.2,47,56.1,78,61,72,45,26,0,MF,29,6,0.17
Beram Kayal,Brighton,30,18,1,1,0,0,4,0,0.1,0.1,0.1,0.4,0.4,1,0.04,0.1,0.04,69.5,3618,1107,33.3,79.5,50,5,57.1,33,27,23,16,28,0,MF,4,1,0.1
Michael Keane,Everton,25,33,1,2,0,0,2,0,0.03,0.06,0.03,2,2,0.7,0.06,0.02,0.06,82.5,28801,10748,29.4,87.7,75.3,8,71.4,37,27,53,47,222,3,DF,29,9,0.27
Neeskens Kebano,Fulham,26,7,0,0,0,0,0,0,0,0,0,0.1,0.1,0,0.06,0,0.06,78.1,394,53,0,80,100,0,50,3,2,3,0,3,0,"FW,MF",1,0,0
Naby Keïta,Liverpool,23,25,2,1,0,0,0,0,0.13,0.06,0.13,2.1,2.1,1.1,0.13,0.07,0.13,88.6,14683,3625,52.9,90.3,84,10,60.5,39,20,36,13,13,0,MF,28,9,0.58
Martin Kelly,Crystal Palace,28,13,0,0,0,0,2,0,0,0,0,0.5,0.5,0,0.04,0,0.04,76,5782,2521,50,85.6,61.7,1,,21,14,25,11,103,3,DF,3,1,0.08
Kenedy,Newcastle Utd,22,25,1,1,0,1,1,0,0.07,0.07,0.07,2.3,1.5,0.8,0.15,0.05,0.1,70.4,6741,2170,19,80.3,57.6,11,67.7,33,23,31,30,20,0,"MF,FW",29,5,0.33
Jonjoe Kenny,Everton,21,10,0,1,0,0,1,0,0,0.11,0,0.1,0.1,0.3,0.01,0.04,0.01,75,7656,3760,21.4,83.9,54.2,5,53.8,22,12,20,16,25,0,DF,3,0,0
Max Kilman,Wolves,21,1,0,0,0,0,0,0,0,0,0,0,0,0,0,0,0,,0,0,,,,0,,0,0,0,0,0,0,DF,0,0,0
Joshua King,Bournemouth,26,35,12,3,5,6,3,0,0.36,0.09,0.21,12.7,8.1,4.2,0.38,0.13,0.25,69.9,9411,2210,26,75.6,56.3,37,61.3,32,25,45,6,12,0,FW,64,18,0.55
Anthony Knockaert,Brighton,26,30,2,6,0,0,4,1,0.1,0.29,0.1,2.6,2.6,4.3,0.13,0.21,0.13,71.1,9823,3182,27.6,81.4,52.2,40,46.8,28,17,24,29,10,0,"FW,MF",29,9,0.44
Sead Kolašinac,Arsenal,25,24,0,5,0,0,5,0,0,0.24,0,0.4,0.4,5.4,0.02,0.26,0.02,79.3,15331,5195,28.6,84.9,64,32,48.5,32,18,18,22,40,2,DF,10,2,0.1
Vincent Kompany,Manchester City,32,17,1,0,0,0,6,0,0.07,0,0.07,0.1,0.1,0.1,0.01,0.01,0.01,93,24149,7772,50,94.2,91.4,3,75,13,9,14,15,61,0,DF,3,1,0.07
Terence Kongolo,Huddersfield,24,32,1,1,0,0,4,0,0.03,0.03,0.03,1.1,1.1,1,0.04,0.03,0.04,76,18738,8386,16.7,85.8,60.4,9,61.9,83,45,57,66,103,0,DF,14,4,0.13
Laurent Koscielny,Arsenal,32,17,3,0,0,0,1,0,0.2,0,0.2,2,2,0.1,0.13,0.01,0.13,92.4,18690,4802,40,94.8,90.3,2,50,19,10,27,29,95,1,DF,5,4,0.27
Cheikhou Kouyaté,Crystal Palace,28,31,0,2,0,0,3,0,0,0.09,0,1.3,1.3,1,0.06,0.05,0.06,80.1,10031,3257,47.2,83.8,70.5,15,73.1,54,34,46,17,43,1,MF,21,8,0.38
Mateo Kovačić,Chelsea,24,32,0,2,0,0,3,0,0,0.1,0,1.7,1.7,2.3,0.09,0.12,0.09,91.2,21641,5134,57.6,93.4,84.4,25,82.9,49,34,18,9,14,0,MF,29,3,0.16
Rajiv van La Parra,Huddersfield,27,5,0,0,0,0,0,0,0,0,0,0.3,0.3,0.1,0.07,0.03,0.07,77.7,1632,295,37.5,84.3,70,5,31.8,8,6,3,4,0,0,"MF,FW",5,0,0
Alexandre Lacazette,Arsenal,27,35,13,8,0,0,2,0,0.47,0.29,0.47,12,12,2.7,0.43,0.1,0.43,72.6,8085,2130,46.4,78.3,61.3,29,72.2,35,28,30,15,22,0,FW,81,28,1.01
Adam Lallana,Liverpool,30,13,0,0,0,0,1,0,0,0,0,0.4,0.4,0.5,0.07,0.1,0.07,83.2,3360,881,56.3,88.3,56.3,9,69.2,16,11,16,3,4,0,"MF,FW",5,2,0.38
Érik Lamela,Tottenham,26,19,4,2,0,0,2,0,0.37,0.18,0.37,3.4,3.4,2.6,0.31,0.24,0.31,82,5672,1246,34.8,87.3,71.2,24,63.6,21,15,15,8,2,0,"FW,MF",29,11,1.02
Manuel Lanzini,West Ham,25,10,1,1,0,0,2,0,0.13,0.13,0.13,1.5,1.5,0.9,0.2,0.12,0.2,86.6,5682,1754,70.4,91.3,58.8,6,68.4,10,9,7,7,3,0,MF,11,4,0.52
Aymeric Laporte,Manchester City,24,35,3,3,0,0,3,0,0.09,0.09,0.09,2.4,2.4,1.2,0.07,0.04,0.07,92.2,59118,19695,52.4,95.4,86.1,14,40,44,27,29,38,124,0,DF,27,7,0.21
Jamaal Lascelles,Newcastle Utd,24,32,0,1,0,0,4,0,0,0.03,0,0.6,0.6,0.3,0.02,0.01,0.02,76.9,18344,6066,31.8,82.2,70.4,2,75,35,16,65,39,199,1,DF,10,1,0.03
Maxime Le Marchand,Fulham,28,26,0,1,0,0,5,0,0,0.04,0,0.2,0.2,0.5,0.01,0.02,0.01,82.5,23779,9349,20.8,91.3,65.2,7,69.2,58,30,48,55,138,1,DF,4,0,0
Florian Lejeune,Newcastle Utd,27,12,0,0,0,0,0,0,0,0,0,0.5,0.5,0.2,0.04,0.02,0.04,77.1,10966,3864,0,83.5,71.3,3,100,29,14,29,20,58,1,DF,6,2,0.17
Mario Lemina,Southampton,24,21,1,1,0,0,5,0,0.06,0.06,0.06,1.2,1.2,0.4,0.07,0.02,0.07,84.5,12903,3282,47.4,89.7,71.1,11,64.4,51,40,25,42,23,0,MF,27,4,0.22
Aaron Lennon,Burnley,31,16,1,1,0,0,1,0,0.07,0.07,0.07,0.5,0.5,0.6,0.04,0.05,0.04,74.4,3720,765,6.3,82.6,59.3,7,53.3,33,20,29,8,8,0,"FW,MF",4,2,0.15
Bernd Leno,Arsenal,26,32,0,0,0,0,0,0,0,0,0,0,0,0,0,0,0,70.7,22158,12515,57.1,99,53.7,0,,0,0,0,3,0,2,GK,0,0,0
Jefferson Lerma,Bournemouth,23,30,2,0,0,0,12,0,0.07,0,0.07,1.1,1.1,0.9,0.04,0.03,0.04,84.3,24967,6790,39.5,88.8,75.3,15,82.4,46,35,51,55,84,0,MF,33,8,0.29
Stephan Lichtsteiner,Arsenal,34,14,0,0,0,0,3,0,0,0,0,0,0,0,0,0,0,76.7,8056,2628,10,88.5,53.3,2,80,12,5,19,8,29,1,DF,1,0,0
Victor Lindelöf,Manchester Utd,24,30,1,1,0,0,1,0,0.03,0.03,0.03,0.6,0.6,1,0.02,0.04,0.02,89.3,25954,9015,44.4,94.1,78.9,4,100,34,21,35,24,139,0,DF,7,1,0.03
Jesse Lingard,Manchester Utd,25,27,4,2,1,1,3,0,0.22,0.11,0.16,5,4.2,2.1,0.27,0.11,0.23,84.8,9707,1844,61.2,88.7,71.8,17,48.7,20,10,23,10,6,0,"FW,MF",31,12,0.65
Fernando Llorente,Tottenham,33,20,1,4,0,0,2,0,0.13,0.52,0.13,2.8,2.8,1.3,0.37,0.17,0.37,69.1,2050,282,54.5,71.9,54.2,11,69.2,4,3,8,2,14,0,FW,23,5,0.65
Hugo Lloris,Tottenham,31,33,0,0,0,0,0,0,0,0,0,0,0,0,0,0,0,76.1,28106,16314,,98.8,63.8,1,,0,0,0,3,2,0,GK,0,0,0
Jürgen Locadia,Brighton,24,26,2,0,0,0,1,0,0.15,0,0.15,3.1,3.1,1.1,0.22,0.08,0.22,73.7,4464,995,31.3,77.5,67.2,13,80,22,14,16,9,11,0,"FW,MF",26,9,0.66
Ruben Loftus-Cheek,Chelsea,22,24,6,2,0,0,0,0,0.54,0.18,0.54,2.7,2.7,1.4,0.24,0.13,0.24,88,8297,1589,41.4,91.1,83.8,17,64.3,18,15,17,13,6,0,"MF,FW",27,8,0.72
Kevin Long,Burnley,27,6,0,1,0,0,0,0,0,0.18,0,0.1,0.1,0,0.01,0,0.01,78.5,3437,1180,33.3,86,71.6,0,,21,13,12,6,27,0,DF,1,0,0
Shane Long,Southampton,31,26,5,1,0,0,3,0,0.35,0.07,0.35,4.7,4.7,1.1,0.34,0.08,0.34,64.1,2897,574,37.5,69.9,45.7,13,40,11,5,13,5,16,0,"FW,MF",30,9,0.64
Sean Longstaff,Newcastle Utd,20,9,1,0,0,0,2,0,0.13,0,0.13,0.4,0.4,0.5,0.05,0.07,0.05,80,4937,1046,20,87.4,68.7,5,83.3,25,19,19,8,12,0,MF,8,2,0.26
Ademola Lookman,Everton,20,21,0,2,0,0,0,0,0,0.29,0,1.4,1.4,1.2,0.21,0.17,0.21,81,3282,948,33.3,88,54.5,9,67.5,15,8,11,8,2,0,"FW,MF",12,3,0.44
Jonas Lössl,Huddersfield,29,31,0,1,0,0,1,0,0,0.03,0,0,0,0.4,0,0.01,0,63.2,27674,20380,0,99.1,54.5,3,100,0,0,1,1,2,1,GK,0,0,0
Dejan Lovren,Liverpool,29,13,1,0,0,0,1,0,0.09,0,0.09,0.7,0.7,0.3,0.07,0.02,0.07,88.5,15081,4992,50,93.7,78.8,1,,17,10,18,10,70,3,DF,6,1,0.09
Chris Löwe,Huddersfield,29,29,0,2,0,0,2,0,0,0.09,0,0.5,0.5,1.5,0.02,0.07,0.02,69.1,14723,4960,15.4,81.6,52.3,18,70.6,38,10,39,19,52,0,"DF,MF",18,6,0.26
Matthew Lowton,Burnley,29,21,0,0,0,0,7,0,0,0,0,0.5,0.5,0.7,0.02,0.04,0.02,68.5,12978,6126,27.8,80.8,50.3,8,63.6,58,34,50,26,73,0,DF,5,0,0
David Luiz,Chelsea,31,36,3,2,0,0,3,0,0.08,0.06,0.08,1.9,1.9,2.6,0.05,0.07,0.05,87.5,53145,18569,54.8,92.9,80.1,16,88.9,52,34,45,36,139,0,DF,33,8,0.22
Romelu Lukaku,Manchester Utd,25,32,12,0,0,0,4,0,0.51,0,0.51,11.6,11.6,3,0.49,0.13,0.49,65,5724,1330,37,70.1,49,24,68.4,11,8,12,2,23,0,FW,59,33,1.39
James Maddison,Leicester City,21,36,7,7,1,2,4,1,0.22,0.22,0.19,7.4,5.8,7.2,0.23,0.23,0.19,76.9,23847,7531,35.4,86.4,60.3,96,72.9,59,34,31,13,6,0,"MF,FW",82,27,0.86
Gary Madine,Cardiff City,27,5,0,0,0,0,0,0,0,0,0,0,0,0,0,0,0,92.3,162,43,100,91.7,,0,100,1,1,0,0,0,0,"FW,MF",0,0,0
Harry Maguire,Leicester City,25,31,3,0,0,0,6,1,0.1,0,0.1,1.6,1.6,0.3,0.06,0.01,0.06,85.5,35344,11701,40,89.6,81.6,9,85,33,19,49,36,152,1,DF,29,11,0.38
Riyad Mahrez,Manchester City,27,27,7,4,0,1,0,0,0.47,0.27,0.47,5.6,4.8,4.3,0.38,0.29,0.32,81.1,13230,2838,33.3,87.9,68.2,25,56.4,14,10,20,9,5,0,"FW,MF",54,24,1.61
Ainsley Maitland-Niles,Arsenal,20,16,1,1,0,0,2,1,0.09,0.09,0.09,0.9,0.9,1.1,0.08,0.1,0.08,79.5,7893,2740,20,86.7,64.9,6,73.1,35,23,29,19,18,0,DF,6,3,0.27
Sadio Mané,Liverpool,26,36,22,1,0,0,2,0,0.64,0.03,0.64,16,16,4.6,0.47,0.13,0.47,76.7,15438,3354,26.2,81.8,68,43,55.5,46,31,36,16,6,0,FW,88,42,1.23
Javier Manquillo,Newcastle Utd,24,18,0,3,0,0,2,0,0,0.25,0,0.1,0.1,0.9,0,0.07,0,68.1,6145,2642,24,77.2,48.7,8,38.5,33,15,28,16,34,0,DF,2,1,0.08
Solly March,Brighton,24,35,1,5,0,0,1,0,0.04,0.18,0.04,2.7,2.7,4,0.1,0.15,0.1,64.6,11310,3191,19.7,76.4,50.2,38,64.2,47,24,63,28,24,0,"FW,MF",42,9,0.33
Adrian Mariappa,Watford,31,26,0,0,0,0,3,0,0,0,0,0.8,0.8,0.7,0.04,0.03,0.04,83.7,15862,5860,50,90.9,73,5,33.3,40,14,28,25,134,2,DF,5,1,0.05
Lazar Marković,Fulham,24,1,0,0,0,0,0,0,0,0,0,0,0,0,0,0.06,0,96.7,388,97,50,100,100,1,,0,0,0,1,1,0,FW,0,0,0
Anthony Martial,Manchester Utd,22,27,10,2,1,1,2,0,0.56,0.11,0.5,5.8,5,2.6,0.32,0.14,0.28,76.5,7917,2249,27.3,81.9,57.7,33,54.4,19,16,18,3,6,0,FW,37,22,1.22
Adam Masina,Watford,24,14,0,1,0,0,5,0,0,0.09,0,0.1,0.1,0.4,0,0.03,0,77.2,7775,3455,29.2,84.5,62.5,2,54.5,26,14,27,16,34,0,DF,3,0,0
Arthur Masuaku,West Ham,24,23,0,1,0,0,2,0,0,0.05,0,0.1,0.1,1.5,0,0.08,0,80.4,15287,6277,36.8,88.7,60.7,15,69.8,53,36,48,36,53,0,DF,4,1,0.05
Juan Mata,Manchester Utd,30,22,3,2,0,0,3,0,0.21,0.14,0.21,1.5,1.5,2.8,0.11,0.2,0.11,80.7,10983,2704,43.5,89,62.5,29,60,6,3,13,6,7,0,"FW,MF",19,6,0.42
Nemanja Matić,Manchester Utd,29,28,1,0,0,0,7,1,0.04,0,0.04,1.6,1.6,0.9,0.06,0.03,0.06,87.9,30170,7839,54.8,91,82.1,14,85.7,49,29,55,31,67,0,MF,12,3,0.11
Joël Matip,Liverpool,26,22,1,0,0,0,3,0,0.06,0,0.06,0.7,0.7,0.1,0.04,0.01,0.04,87.7,25138,7510,41.7,92.7,79.6,2,71.4,32,23,17,31,89,2,DF,8,2,0.12
Konstantinos Mavropanos,Arsenal,20,4,0,0,0,0,1,0,0,0,0,0.1,0.1,0.3,0.03,0.17,0.03,94,2672,563,66.7,95.7,92.1,1,100,4,2,1,5,7,0,DF,1,0,0
Alfie Mawson,Fulham,24,15,0,0,0,0,2,0,0,0,0,0.1,0.1,0,0.01,0,0.01,81.5,8970,2945,33.3,90.4,69.5,1,100,11,6,24,19,76,2,DF,2,1,0.08
Isaac Mbenza,Huddersfield,22,22,1,1,0,0,1,0,0.09,0.09,0.09,1.1,1.1,0.8,0.1,0.08,0.1,66.7,3095,849,14.3,75.4,49.2,7,40,14,7,6,6,3,0,"FW,MF",15,5,0.46
James McArthur,Crystal Palace,30,38,3,6,0,0,7,0,0.09,0.18,0.09,5.6,5.6,3.6,0.16,0.11,0.16,79.2,20576,5246,29.6,85.8,65.9,30,69,89,56,95,43,40,0,MF,34,8,0.24
Alex McCarthy,Southampton,28,25,0,0,0,0,1,0,0,0,0,0,0,0,0,0,0,49.9,12362,9009,0,99.2,38.4,0,100,0,0,0,0,0,1,GK,0,0,0
James McCarthy,Everton,27,1,0,0,0,0,0,0,0,0,0,0,0,0,0,0,0,87.5,107,11,50,100,100,0,,1,0,1,1,0,0,MF,0,0,0
Kevin McDonald,Fulham,29,15,0,0,0,0,5,1,0,0,0,0.1,0.1,0.1,0.01,0.01,0.01,85.4,9208,2394,66.7,91,72.2,3,50,10,10,9,11,16,0,MF,4,0,0
Dwight McNeil,Burnley,18,21,3,5,0,0,2,0,0.17,0.28,0.17,1.8,1.8,3.5,0.1,0.2,0.1,65.6,6974,2251,19.5,80.2,43.6,27,56.9,25,11,35,14,30,0,"MF,FW",28,6,0.34
Scott McTominay,Manchester Utd,21,16,2,0,0,0,1,0,0.21,0,0.21,1.1,1.1,0,0.11,0,0.11,85.1,6937,1960,55.6,90.4,69.3,1,22.2,16,13,12,14,21,0,"MF,DF",15,6,0.62
Ben Mee,Burnley,28,38,0,2,0,0,9,0,0,0.05,0,1.6,1.6,1.3,0.04,0.03,0.04,75.4,27336,10810,24,84.6,66.5,9,75,54,24,83,44,279,6,DF,23,6,0.16
Nathaniel Mendez-Laing,Cardiff City,26,20,4,1,1,1,0,0,0.37,0.09,0.27,2.8,2,1.4,0.26,0.13,0.19,60.9,2672,1157,10,70.8,51.9,20,74.3,35,23,31,11,16,0,"MF,FW",20,8,0.73
Benjamin Mendy,Manchester City,24,10,0,5,0,0,1,0,0,0.5,0,0.2,0.2,1.5,0.02,0.15,0.02,84.5,11962,3861,38.5,90.9,63.8,12,66.7,15,8,16,10,14,1,DF,7,2,0.2
Nampalys Mendy,Leicester City,26,31,0,0,0,0,5,0,0,0,0,0.1,0.1,0.2,0,0.01,0,87.6,17004,3829,42.9,91.3,79.1,6,70.4,40,23,40,27,22,0,MF,3,0,0
Chris Mepham,Bournemouth,20,13,0,1,0,0,1,0,0,0.11,0,0,0,0,0,0,0,82.9,6860,2225,40,88.5,74.6,0,66.7,10,4,18,15,64,1,DF,2,0,0
Max Meyer,Crystal Palace,22,29,1,2,0,0,3,0,0.06,0.13,0.06,2.1,2.1,1.3,0.13,0.08,0.13,81.2,8453,2154,35.5,86.6,62.6,23,73.1,34,16,17,17,15,0,"MF,FW",35,6,0.38
Luka Milivojević,Crystal Palace,27,38,12,2,10,11,10,0,0.32,0.05,0.05,10.9,2.5,3.2,0.29,0.08,0.07,76.1,32438,10106,41.5,87.2,57.5,59,64.3,93,67,80,72,75,2,MF,47,13,0.34
James Milner,Liverpool,32,31,5,4,3,3,6,1,0.25,0.2,0.1,3.8,1.5,4.7,0.19,0.24,0.08,80.5,25922,9195,32.7,88.6,67.1,45,81,44,26,50,16,19,1,"MF,DF",21,4,0.2
Yerry Mina,Everton,23,13,1,0,0,0,3,0,0.1,0,0.1,0.4,0.4,0.2,0.04,0.02,0.04,84.6,9307,3264,20,89.9,78,3,100,17,12,16,7,61,0,DF,4,1,0.1
Tyrone Mings,Bournemouth,25,5,0,0,0,0,0,0,0,0,0,0,0,0,0,0,0,81.3,1377,495,33.3,86.4,72.7,0,100,3,2,3,7,7,0,DF,0,0,0
Aleksandar Mitrović,Fulham,23,37,11,3,1,1,7,0,0.3,0.08,0.27,14.5,13.7,2.6,0.4,0.07,0.38,72.3,10521,1885,46.6,75.1,63,26,54.2,16,10,36,8,49,0,FW,122,42,1.15
Henrikh Mkhitaryan,Arsenal,29,25,6,4,0,0,1,0,0.33,0.22,0.33,4.3,4.3,4.2,0.24,0.23,0.24,75.8,10549,3037,30.8,83.9,57.1,27,47.1,28,18,32,17,11,0,"FW,MF",50,14,0.77
Nacho Monreal,Arsenal,32,22,1,3,0,0,5,0,0.05,0.15,0.05,1.2,1.2,1.4,0.06,0.07,0.06,86.5,18755,6573,40.9,91.6,72.4,11,71.4,36,27,37,28,81,0,DF,9,4,0.19
Martín Montoya,Brighton,27,25,0,1,0,0,4,0,0,0.04,0,0.2,0.2,1.1,0.01,0.05,0.01,78.2,15916,7060,17.1,85,64,19,57.1,56,26,46,49,62,1,DF,8,1,0.04
Aaron Mooy,Huddersfield,27,29,3,1,1,1,4,0,0.12,0.04,0.08,2.4,1.7,2.8,0.09,0.11,0.06,75.5,19310,6216,28.1,86.3,54.4,43,56.6,66,43,50,16,24,0,"MF,FW",39,13,0.5
Álvaro Morata,Chelsea,25,16,5,0,0,0,3,0,0.48,0,0.48,6.2,6.2,0.2,0.59,0.02,0.59,78.1,2572,235,75,80.9,64.7,6,58.3,9,6,6,0,7,0,FW,35,16,1.53
Alberto Moreno,Liverpool,26,2,0,0,0,0,0,0,0,0,0,0,0,0.1,0.01,0.08,0.01,87.3,2136,675,0,93.3,77.1,3,80,4,2,2,1,1,0,DF,1,0,0
Wes Morgan,Leicester City,34,22,3,0,0,0,3,2,0.14,0,0.14,2.1,2.1,0.2,0.1,0.01,0.1,82.5,15028,4386,60,87,74,2,100,29,16,41,29,110,3,DF,14,5,0.23
Sean Morrison,Cardiff City,27,34,1,3,0,0,6,0,0.03,0.09,0.03,4.4,4.4,2.4,0.13,0.07,0.13,57.8,11406,5405,14.8,68.3,46.4,17,84.6,45,30,59,54,198,3,DF,33,7,0.21
Victor Moses,Chelsea,27,2,0,0,0,0,0,0,0,0,0,0,0,0,0,0,0,78.6,167,18,0,83.3,100,0,0,0,0,1,0,0,0,FW,0,0,0
Steve Mounié,Huddersfield,23,31,2,3,0,0,1,1,0.1,0.15,0.1,5.4,5.4,1.9,0.27,0.1,0.27,65.2,5226,903,21.9,68.7,60.7,17,57.1,14,8,16,5,14,1,FW,63,24,1.21
Lucas Moura,Tottenham,25,32,10,0,0,0,3,0,0.42,0,0.42,5.2,5.2,1.8,0.22,0.08,0.22,75.3,8649,2162,28.6,81.7,56.5,27,53,33,23,19,24,24,0,"FW,MF",45,20,0.85
Lys Mousset,Bournemouth,22,24,1,0,0,0,1,0,0.24,0,0.24,1.8,1.8,0.5,0.45,0.12,0.45,71.1,1107,286,44.4,72.4,85.7,4,38.5,5,4,4,1,2,0,"FW,MF",13,7,1.71
João Moutinho,Wolves,31,38,1,8,0,0,4,0,0.03,0.24,0.03,0.6,0.6,5.6,0.02,0.17,0.02,80.5,35146,9787,46.9,89.4,65.8,80,71.4,99,65,71,38,43,1,MF,18,3,0.09
Jacob Murphy,Newcastle Utd,23,9,0,1,0,0,0,0,0,0.3,0,0.1,0.1,0.4,0.02,0.12,0.02,54.9,839,321,0,63.4,44.8,1,42.9,6,4,6,2,4,0,"MF,FW",2,1,0.3
Josh Murphy,Cardiff City,23,29,3,2,0,0,2,0,0.15,0.1,0.15,3.2,3.2,3.1,0.16,0.15,0.16,54.4,3749,1464,9.4,71.5,34.7,14,45.1,25,9,38,12,9,0,"FW,MF",45,15,0.74
Glenn Murray,Brighton,34,38,13,1,4,4,5,0,0.47,0.04,0.32,10.5,7.4,0.9,0.38,0.03,0.27,60.8,5595,1071,38.1,64.4,48.6,11,66.7,14,7,32,2,15,0,FW,51,16,0.57
Shkodran Mustafi,Arsenal,26,31,2,0,0,0,9,0,0.07,0,0.07,1.3,1.3,0.2,0.05,0.01,0.05,82.3,31858,10818,36.4,88.7,73.7,5,80,63,36,50,59,190,1,DF,19,9,0.31
Yoshinori Mutō,Newcastle Utd,26,17,1,0,0,0,1,0,0.17,0,0.17,0.8,0.8,0.3,0.14,0.06,0.14,70.1,1240,289,22.2,82.4,55.6,3,64.7,11,7,14,5,4,0,FW,5,3,0.52
Georges-Kévin N'Koudou,Tottenham,23,1,0,1,0,0,0,0,0,18,0,0,0,0.1,0,2.67,0,75,79,35,,100,50,1,,0,0,0,0,0,0,FW,0,0,0
Samir Nasri,West Ham,31,5,0,2,0,0,0,0,0,0.73,0,0.2,0.2,0.8,0.07,0.28,0.07,87.1,2084,479,100,90.8,70,6,50,0,0,1,1,1,0,MF,3,0,0
Marc Navarro,Watford,23,2,0,0,0,0,0,0,0,0,0,0,0,0,0,0,0,64.7,439,98,100,80,33.3,0,100,3,1,2,0,3,0,DF,0,0,0
Wilfred Ndidi,Leicester City,21,38,2,0,0,0,8,0,0.05,0,0.05,3.3,3.3,1.4,0.09,0.04,0.09,80.3,29967,7215,29.9,84.5,74.3,22,76.9,160,109,81,80,92,0,MF,56,9,0.25
Rúben Neves,Wolves,21,35,4,3,2,2,8,0,0.12,0.09,0.06,3.5,2,1.3,0.11,0.04,0.06,80.6,37264,9235,17.5,87.4,74.1,19,57.1,64,39,75,73,52,1,MF,71,15,0.45
Oumar Niasse,Cardiff City,28,13,0,0,0,0,0,0,0,0,0,2.9,2.9,0.5,0.28,0.05,0.28,68,1645,349,22.7,77.1,56.3,5,61.7,11,6,14,2,7,0,FW,17,6,0.58
Oumar Niasse,Everton,28,5,0,0,0,0,0,0,0,0,0,0.5,0.5,0.2,0.67,0.26,0.67,59.1,193,64,0,72.2,0,1,14.3,0,0,0,0,0,0,"FW,MF",3,1,1.43
Eddie Nketiah,Arsenal,19,5,1,0,0,0,0,0,1.34,0,1.34,0.2,0.2,0.2,0.24,0.21,0.24,95,230,53,100,100,0,1,66.7,1,1,0,0,1,0,"MF,FW",3,1,1.34
Mark Noble,West Ham,31,31,5,5,4,4,6,1,0.2,0.2,0.04,3.7,0.7,2.2,0.15,0.09,0.03,84.3,26334,7460,53.8,88,78.4,21,68.2,55,38,19,21,8,0,MF,13,5,0.2
Håvard Nordtveit,Fulham,28,5,0,1,0,0,0,0,0,0.25,0,0,0,0.2,0,0.04,0,83.8,4649,1761,66.7,90.2,76.5,3,100,6,3,6,6,19,1,DF,0,0,0
Will Norris,Wolves,24,1,0,0,0,0,0,0,0,0,0,0,0,0,0,0,0,,0,0,,,,0,,0,0,0,0,0,0,GK,0,0,0
Michael Obafemi,Southampton,18,6,1,1,0,0,1,0,0.66,0.66,0.66,1.7,1.7,0.2,1.14,0.14,1.14,73.9,225,26,0,76.2,100,2,25,1,1,2,1,0,0,FW,8,2,1.31
Pedro Obiang,West Ham,26,24,0,1,0,0,0,0,0,0.08,0,0.7,0.7,0.4,0.06,0.03,0.06,79.1,8134,2245,35.7,83.1,71.2,4,88.9,39,25,25,14,16,0,MF,16,1,0.08
Denis Odoi,Fulham,30,31,0,1,0,0,4,0,0,0.03,0,0.7,0.7,0.8,0.02,0.03,0.02,82.2,22741,8242,35.7,90.1,66.7,11,78.6,55,37,74,38,159,0,DF,10,1,0.03
Angelo Ogbonna,West Ham,30,24,1,1,0,0,2,0,0.05,0.05,0.05,1.3,1.3,0.5,0.06,0.02,0.06,83.7,13634,4255,69.2,88.8,74.3,4,100,38,23,48,34,111,0,DF,13,5,0.24
Stefano Okaka,Watford,28,2,0,0,0,0,1,0,0,0,0,0.5,0.5,0.2,1.81,0.91,1.81,69.2,112,32,100,70,50,2,100,0,0,1,0,0,0,FW,2,0,0
Shinji Okazaki,Leicester City,32,21,0,1,0,0,0,0,0,0.31,0,0.3,0.3,0.3,0.09,0.1,0.09,75.8,919,207,20,83.3,40,2,38.5,6,4,9,2,0,0,"FW,MF",4,3,0.94
Divock Origi,Liverpool,23,12,3,1,0,0,0,0,0.73,0.24,0.73,2.1,2.1,0.2,0.51,0.05,0.51,67,1316,359,22.2,72.4,63.2,3,53.3,6,4,3,1,1,0,FW,13,6,1.46
Nicolás Otamendi,Manchester City,30,18,0,0,0,0,1,0,0,0,0,1.3,1.3,0.2,0.09,0.01,0.09,93,24413,6048,30,95.5,89.2,2,100,29,16,11,28,77,0,DF,14,3,0.22
Alex Oxlade-Chamberlain,Liverpool,24,2,0,0,0,0,0,0,0,0,0,0.3,0.3,0,1.15,0.1,1.15,85.7,213,105,0,88.9,100,1,100,1,0,2,1,0,0,"MF,FW",1,1,4.29
Mesut Özil,Arsenal,29,24,5,2,0,0,2,0,0.26,0.1,0.26,1.7,1.7,5.3,0.09,0.27,0.09,87.2,16606,4368,66.7,90.3,76.2,46,58.1,9,5,9,5,2,0,"MF,FW",11,6,0.31
Emerson Palmieri,Chelsea,23,10,0,0,0,0,0,0,0,0,0,0.2,0.2,0.6,0.03,0.08,0.03,87.1,6364,1730,33.3,93.4,59.3,4,71.4,17,8,17,6,11,0,DF,5,1,0.14
Sokratis Papastathopoulos,Arsenal,30,25,1,2,0,0,12,0,0.04,0.08,0.04,0.8,0.8,0.6,0.03,0.02,0.03,89.8,26636,7826,37.5,94.2,83.2,4,100,50,32,42,27,138,0,DF,10,1,0.04
Callum Paterson,Cardiff City,23,27,4,1,1,1,4,0,0.18,0.05,0.14,5.3,4.5,2,0.24,0.09,0.2,48.1,4509,2059,13.5,53.7,35.7,19,45,30,15,38,8,35,0,"FW,MF",39,7,0.32
Rui Patrício,Wolves,30,37,0,0,0,0,1,0,0,0,0,0,0,0,0,0,0,59,19806,13496,,98.6,50.6,0,,0,0,0,0,2,2,GK,0,0,0
Pedro,Chelsea,31,31,8,2,0,0,2,0,0.4,0.1,0.4,6.4,6.4,2.7,0.33,0.14,0.33,83.7,15008,3048,41.9,88.6,65.7,27,69.1,23,15,24,17,6,0,FW,58,24,1.21
Lee Peltier,Cardiff City,31,20,0,0,0,0,4,0,0,0,0,0,0,0,0,0,0,63.1,5423,2500,41.2,73.6,46.3,2,100,38,19,31,17,59,1,DF,1,1,0.06
Andreas Pereira,Manchester Utd,22,15,1,1,0,0,5,0,0.15,0.15,0.15,0.2,0.2,0.7,0.04,0.11,0.04,82.5,5345,1658,58.8,87.5,72.4,9,66.7,8,6,14,9,6,0,MF,8,2,0.3
Ricardo Pereira,Leicester City,24,35,2,6,0,0,7,0,0.06,0.17,0.06,1.6,1.6,4.4,0.05,0.13,0.05,76.4,25059,9670,30.4,82.3,59.6,31,65.3,119,70,103,63,98,0,"DF,FW",26,9,0.26
Roberto Pereyra,Watford,27,33,6,1,0,0,3,0,0.19,0.03,0.19,4.9,4.9,3.3,0.16,0.1,0.16,81.5,16179,4456,34.4,86.6,73.7,38,49.5,24,20,50,20,19,1,"FW,MF",56,21,0.67
Ayoze Pérez,Newcastle Utd,25,37,12,2,0,0,2,0,0.37,0.06,0.37,7.7,7.7,3.3,0.24,0.1,0.24,75,9229,2371,33.3,82.2,59.2,38,64.3,52,35,72,42,34,1,"FW,MF",53,26,0.8
Lucas Pérez,West Ham,29,15,3,0,0,0,0,0,0.57,0,0.57,1.7,1.7,0.9,0.32,0.17,0.32,68.9,1430,209,25,82.1,29.2,8,71.4,4,3,2,3,2,0,FW,9,3,0.57
Jordan Pickford,Everton,24,38,0,0,0,0,1,0,0,0,0,0,0,0.1,0,0,0,59.8,28716,19158,100,98,47.7,1,,0,0,0,0,3,3,GK,0,0,0
Paul Pogba,Manchester Utd,25,35,13,9,7,10,6,0,0.39,0.27,0.18,14.1,6.4,5.1,0.42,0.15,0.19,81.7,33679,9741,36.8,87,71.9,51,63.2,47,37,42,20,30,0,MF,96,38,1.14
Alex Pritchard,Huddersfield,25,30,2,0,0,0,2,0,0.09,0,0.09,3.5,3.5,2.2,0.15,0.09,0.15,71,10901,2879,32.8,81,43.9,34,49.3,28,18,37,17,7,0,"MF,FW",48,14,0.61
Sebastian Prödl,Watford,31,1,0,0,0,0,0,0,0,0,0,0,0,0,0,0,0,100,64,12,,100,100,0,,0,0,0,0,0,0,DF,0,0,0
Davy Pröpper,Brighton,26,30,1,1,0,0,2,0,0.04,0.04,0.04,1.1,1.1,1,0.04,0.04,0.04,78.3,19444,5003,39.1,83.3,70.8,19,69.2,49,36,50,52,37,0,MF,15,2,0.07
Jason Puncheon,Crystal Palace,32,5,0,0,0,0,0,0,0,0,0,0,0,0,0,0.18,0,90.9,117,32,,90.9,,1,,0,0,0,0,0,0,MF,0,0,0
Jason Puncheon,Huddersfield,32,6,0,0,0,0,1,0,0,0,0,0.7,0.7,0.8,0.16,0.18,0.16,78.5,3108,1040,40,87.2,62.5,5,61.5,7,4,4,4,7,0,"MF,FW",6,0,0
Collin Quaner,Huddersfield,27,2,0,0,0,0,0,0,0,0,0,0,0,0.1,0,0.19,0,76.5,168,45,50,78.6,100,1,,0,0,0,0,0,0,"FW,MF",0,0,0
Domingos Quina,Watford,18,8,1,0,0,0,0,0,0.27,0,0.27,0.2,0.2,0.1,0.05,0.03,0.05,85.3,3731,950,33.3,89.8,78.3,1,53.3,13,8,4,4,5,0,MF,5,1,0.27
Joe Ralls,Cardiff City,24,28,0,0,0,1,4,1,0,0,0,1.5,0.8,2,0.07,0.09,0.04,65.8,12450,4760,31,79.8,48.8,28,80,50,37,35,27,27,0,MF,22,2,0.09
Aaron Ramsey,Arsenal,27,28,4,6,0,0,0,0,0.27,0.41,0.27,3,3,2.4,0.21,0.16,0.21,81.9,11035,2577,28.9,86.1,77.9,24,57.1,31,19,9,7,2,0,"MF,FW",33,12,0.81
Kayne Ramsey,Southampton,17,1,0,0,0,0,0,0,0,0,0,0,0,0,0,0,0,77.8,263,56,,90.9,57.1,0,,3,2,0,0,8,0,DF,0,0,0
Marcus Rashford,Manchester Utd,20,33,10,6,0,0,3,1,0.39,0.23,0.39,9,9,4.3,0.35,0.17,0.35,73.9,8159,2006,20,83.2,50,38,53.3,19,9,24,4,18,0,FW,83,40,1.54
Tim Ream,Fulham,30,26,0,0,0,0,1,0,0,0,0,0,0,0.1,0,0,0,87.8,17923,6478,14.3,93.4,75.8,2,85.7,25,14,31,23,101,0,DF,1,0,0
Nathan Redmond,Southampton,24,38,6,4,0,0,3,0,0.17,0.11,0.17,6.3,6.3,5.3,0.17,0.15,0.17,72.2,14892,3753,29.5,79.6,61.2,55,60.5,43,29,57,22,11,0,"FW,MF",74,22,0.61
Bobby Reid,Cardiff City,25,27,5,2,1,1,0,0,0.32,0.13,0.25,4.4,3.6,0.9,0.28,0.06,0.23,71.8,3447,835,37,80.5,44.7,14,74.2,12,9,8,4,14,0,"FW,MF",25,7,0.44
Declan Rice,West Ham,19,34,2,0,0,0,4,0,0.06,0,0.06,1.3,1.3,0.4,0.04,0.01,0.04,86.9,26601,5928,47.2,89.5,83.1,9,75.8,93,68,54,50,59,0,MF,24,5,0.15
Jazz Richards,Cardiff City,27,4,0,0,0,0,0,0,0,0,0,0,0,0,0,0,0,71.4,394,174,,78.6,42.9,0,,1,1,2,2,6,0,"DF,MF",0,0,0
Richarlison,Everton,21,35,13,1,0,0,5,1,0.44,0.03,0.44,8.9,8.9,1.5,0.3,0.05,0.3,65.2,8739,1987,21.3,72.6,56.1,17,51.3,55,34,33,15,35,0,"FW,MF",87,27,0.91
Diego Rico,Bournemouth,25,12,0,0,0,0,1,0,0,0,0,0.2,0.2,1.2,0.03,0.18,0.03,67.8,4716,2356,23.1,78.5,46.2,11,62.5,12,5,17,14,21,0,"DF,MF",9,0,0
Sergio Rico,Fulham,24,29,0,0,0,0,1,0,0,0,0,0,0,0.2,0,0.01,0,58.2,21633,17650,100,98.9,47.8,2,,0,0,0,1,0,0,GK,0,0,0
Matt Ritchie,Newcastle Utd,28,36,2,8,1,2,9,0,0.06,0.25,0.03,5,3.4,4.5,0.15,0.14,0.11,65.6,20299,8289,16.3,81.5,44.9,53,51.5,65,40,68,57,59,0,"DF,MF",39,7,0.22
Andrew Robertson,Liverpool,24,36,0,11,0,0,4,0,0,0.31,0,1,1,6.6,0.03,0.18,0.03,81.6,41485,15333,18.5,89.3,62.6,52,68.2,76,44,53,31,54,1,DF,14,5,0.14
Marcos Rojo,Manchester Utd,28,5,0,0,0,0,2,0,0,0,0,0.3,0.3,0,0.12,0,0.12,72.3,1869,830,0,87.5,48.9,0,100,5,3,7,6,9,1,DF,6,3,1.27
Oriol Romeu,Southampton,26,31,1,0,0,0,11,0,0.04,0,0.04,0.7,0.7,0.3,0.03,0.01,0.03,80.5,16595,5119,38.9,86.7,66.7,7,85.7,86,60,60,46,50,0,MF,10,4,0.17
Salomón Rondón,Newcastle Utd,28,32,11,7,0,0,1,0,0.38,0.24,0.38,10.7,10.7,3.3,0.37,0.11,0.37,69.7,7637,1552,39.6,73.3,63,30,46.5,11,8,19,6,38,0,FW,89,29,1
Danny Rose,Tottenham,28,26,0,3,0,0,5,0,0,0.15,0,0.7,0.7,1.9,0.04,0.1,0.04,74.1,15202,5536,21.3,84.1,51.1,26,54.7,51,29,40,23,25,0,"DF,MF",15,2,0.1
Aaron Rowe,Huddersfield,17,2,0,0,0,0,0,0,0,0,0,0,0,0,0,0,0,76.5,191,90,100,83.3,50,0,50,2,1,1,1,3,0,FW,0,0,0
John Ruddy,Wolves,31,1,0,0,0,0,0,0,0,0,0,0,0,0,0,0,0,71.4,593,437,,100,62.5,0,,0,0,0,0,0,0,GK,0,0,0
Antonio Rüdiger,Chelsea,25,33,1,0,0,0,7,0,0.03,0,0.03,2,2,0.4,0.06,0.01,0.06,91.4,48449,15729,80,94.9,84.3,5,66.7,38,20,28,29,106,1,DF,28,7,0.22
Mathew Ryan,Brighton,26,34,0,0,0,0,2,0,0,0,0,0,0,0,0,0,0,54.2,25422,19509,50,96.7,48.4,0,,0,0,0,0,1,0,GK,0,0,0
Abdelhamid Sabiri,Huddersfield,21,2,0,0,0,0,0,0,0,0,0,0,0,0,0,0,0,80,109,13,,77.8,100,0,,2,1,1,1,0,0,FW,0,0,0
Romain Saïss,Wolves,28,19,2,0,0,0,7,0,0.16,0,0.16,1.6,1.6,0.3,0.13,0.02,0.13,78.3,12205,3854,10.5,85,72.2,3,100,45,23,35,28,85,0,"MF,DF",11,5,0.39
Bukayo Saka,Arsenal,16,1,0,0,0,0,0,0,0,0,0,0,0,0,0,0,0,,0,0,,,,0,,0,0,0,0,0,0,FW,0,0,0
Mamadou Sakho,Crystal Palace,28,27,0,0,0,0,2,0,0,0,0,0.9,0.9,0.5,0.03,0.02,0.03,88.3,22516,10185,44.4,92.6,78.9,7,100,28,15,45,42,153,2,DF,5,0,0
Bakary Sako,Crystal Palace,30,4,0,0,0,0,0,0,0,0,0,0,0,0,0,0,0,69.2,175,10,,88.9,25,0,0,2,1,0,0,0,0,"FW,MF",0,0,0
Mohamed Salah,Liverpool,26,38,22,8,3,3,1,0,0.61,0.22,0.53,19.3,17,9.1,0.54,0.25,0.47,75.1,12874,3831,32.8,81.4,56.3,68,56.8,16,14,20,5,3,0,FW,135,60,1.66
Alexis Sánchez,Manchester Utd,29,20,1,3,0,0,3,0,0.1,0.31,0.1,1.4,1.4,3.2,0.15,0.33,0.15,71.4,5023,1544,31.3,77.1,61,20,71.4,14,8,7,9,2,0,"FW,MF",18,9,0.92
Carlos Sánchez,West Ham,32,7,0,0,0,0,0,0,0,0,0,0.1,0.1,0.1,0.04,0.02,0.04,88.6,2633,552,100,90.5,83.7,2,75,2,1,1,1,3,1,MF,3,0,0
Davinson Sánchez,Tottenham,22,23,1,1,0,0,2,0,0.05,0.05,0.05,1.2,1.2,0,0.06,0,0.06,90.5,27790,7391,38.9,93.9,86.3,1,0,36,23,30,27,113,0,DF,12,3,0.14
Leroy Sané,Manchester City,22,31,10,10,0,0,1,0,0.48,0.48,0.48,5.8,5.8,6.7,0.28,0.32,0.28,78.6,10896,2395,34,86.4,48.8,36,57.7,23,19,28,9,2,0,FW,56,24,1.16
Fabian Schär,Newcastle Utd,26,24,4,1,0,0,12,0,0.18,0.05,0.18,1.8,1.8,0.6,0.08,0.03,0.08,67.9,18070,8149,10,82.4,56.6,11,63.2,63,28,54,65,147,0,DF,23,7,0.32
Christopher Schindler,Huddersfield,28,37,1,0,0,0,5,1,0.03,0,0.03,1.3,1.3,0.3,0.04,0.01,0.04,84.7,28298,8473,40,88.2,80.4,1,50,75,45,81,67,178,1,DF,14,3,0.08
Jeffrey Schlupp,Crystal Palace,25,30,4,1,0,0,1,0,0.22,0.05,0.22,3,3,1.4,0.16,0.08,0.16,74.9,7386,2273,40.6,80.8,53.8,17,66.7,41,19,45,22,22,0,"MF,FW",29,9,0.49
Kasper Schmeichel,Leicester City,31,38,0,0,0,0,3,0,0,0,0,0,0,0.4,0,0.01,0,68.3,30971,19665,50,99.3,59.4,1,100,0,0,0,3,2,0,GK,1,0,0
Morgan Schneiderlin,Everton,28,14,0,1,0,0,2,0,0,0.11,0,0.1,0.1,0.7,0.01,0.07,0.01,89,8828,2093,50,91.8,81.5,9,87.5,24,14,16,15,21,0,MF,3,0,0
André Schürrle,Fulham,27,24,6,0,0,0,2,0,0.33,0,0.33,3.4,3.4,1.8,0.19,0.1,0.19,74.6,6862,1662,14.8,83.9,52.7,21,50,22,16,20,8,15,0,"FW,MF",56,17,0.93
Ken Sema,Watford,24,17,1,2,0,0,1,0,0.12,0.24,0.12,0.8,0.8,0.4,0.09,0.05,0.09,71.3,2729,583,15,80.6,36,7,53.7,13,9,16,8,4,0,"FW,MF",10,3,0.36
Jean Seri,Fulham,27,32,1,2,0,0,6,0,0.04,0.08,0.04,1.1,1.1,3.7,0.04,0.15,0.04,83.7,27643,7130,48.7,90.2,70.6,55,76.2,47,35,45,33,16,0,MF,18,6,0.24
Ryan Sessegnon,Fulham,18,35,2,6,0,0,0,0,0.08,0.23,0.08,3.3,3.3,4.9,0.13,0.19,0.13,70.2,9632,3688,10,79.9,44,30,49.2,37,25,55,17,29,0,"FW,DF",28,10,0.39
Xherdan Shaqiri,Liverpool,26,24,6,3,0,0,2,0,0.51,0.25,0.51,3.7,3.7,1.7,0.31,0.14,0.31,78.4,9989,2667,27.8,87.5,58.6,19,57.1,9,4,11,5,5,0,"FW,MF",26,10,0.85
Luke Shaw,Manchester Utd,23,29,1,4,0,0,11,0,0.03,0.14,0.03,1.2,1.2,3.4,0.04,0.12,0.04,83.5,25802,11131,35.7,89.6,62.3,33,71.8,45,25,59,22,83,0,DF,20,6,0.21
Jonjo Shelvey,Newcastle Utd,26,16,1,1,0,0,1,0,0.09,0.09,0.09,1.2,1.2,1.6,0.11,0.15,0.11,67.6,11182,4414,40,82.9,52,24,82.4,19,9,13,8,15,0,MF,24,8,0.76
Gylfi Sigurðsson,Everton,28,38,13,6,2,5,3,0,0.38,0.17,0.32,10.9,6.9,7.2,0.31,0.21,0.2,67.4,14768,5597,24.7,81,47.5,72,61.3,47,31,49,29,21,0,MF,81,29,0.84
Adrien Silva,Leicester City,29,2,0,0,0,0,0,0,0,0,0,0,0,0,0,0,0,88.6,1225,319,0,92.1,85.7,0,,2,1,0,1,1,0,MF,0,0,0
Bernardo Silva,Manchester City,23,36,7,7,0,0,3,0,0.22,0.22,0.22,6.3,6.3,7.3,0.2,0.23,0.2,84.1,25650,5777,38,89.9,70.2,70,61.7,58,46,53,27,19,0,"MF,FW",64,22,0.69
David Silva,Manchester City,32,33,6,8,0,0,2,0,0.22,0.3,0.22,6.7,6.7,9.1,0.25,0.34,0.25,85.6,29033,6374,34,89.3,73.6,73,64.3,27,22,24,19,13,0,MF,50,18,0.67
Xande Silva,West Ham,21,1,0,0,0,0,0,0,0,0,0,0.1,0.1,0,0.37,0.09,0.37,60,35,2,,75,0,1,,0,0,1,0,0,0,FW,2,0,0
Danny Simpson,Leicester City,31,6,0,0,0,0,0,0,0,0,0,0,0,0,0,0.01,0,70.1,2075,913,66.7,74.1,60,1,,9,7,12,6,16,0,DF,0,0,0
Jack Simpson,Bournemouth,21,6,0,0,0,0,0,0,0,0,0,0.1,0.1,0.1,0.02,0.01,0.02,84.9,4173,1490,50,86.8,83.1,1,,7,4,10,10,42,0,DF,2,1,0.22
Josh Sims,Southampton,21,7,0,1,0,0,0,0,0,0.42,0,0.6,0.6,0.5,0.26,0.23,0.26,78.3,532,153,66.7,81.1,66.7,2,75,1,0,2,1,1,0,"FW,MF",5,1,0.42
Moussa Sissoko,Tottenham,28,29,0,3,0,0,2,0,0,0.12,0,1.2,1.2,2.4,0.05,0.09,0.05,86.3,20391,4909,55.2,90.1,76.5,23,65.2,45,30,41,16,24,0,MF,15,3,0.12
Oliver Skipp,Tottenham,17,8,0,0,0,0,0,0,0,0,0,0.1,0.1,0,0.03,0.01,0.03,84.7,2054,451,28.6,87.3,89.3,1,66.7,5,3,4,1,4,0,"MF,FW",2,0,0
Callum Slattery,Southampton,19,3,0,0,0,0,0,0,0,0,0,0.2,0.2,0,0.13,0,0.13,65.6,363,92,33.3,77.8,54.5,0,50,4,2,5,2,2,0,MF,2,0,0
Chris Smalling,Manchester Utd,28,24,1,0,0,0,1,0,0.04,0,0.04,1.2,1.2,0.5,0.05,0.02,0.05,86.6,16968,4212,58.8,90.7,80.4,3,50,29,15,53,27,141,1,DF,12,4,0.17
Adam Smith,Bournemouth,27,25,1,1,0,0,5,1,0.04,0.04,0.04,0.4,0.4,0.8,0.02,0.03,0.02,80.2,14416,5450,25.8,86.1,63.6,10,48.6,49,28,56,32,67,1,DF,8,1,0.04
Tommy Smith,Huddersfield,26,15,0,0,0,0,2,1,0,0,0,0,0,0.6,0,0.05,0,76.1,8737,3011,26.7,84.2,61.4,9,57.1,25,15,18,18,33,0,DF,2,0,0
Robert Snodgrass,West Ham,30,33,2,5,0,0,10,0,0.08,0.2,0.08,2.1,2.1,5,0.09,0.2,0.09,75.7,14746,4474,66.7,84.3,56,61,57.6,45,27,26,11,19,0,"MF,FW",31,8,0.32
Cédric Soares,Southampton,26,18,1,2,0,0,4,0,0.06,0.12,0.06,0.3,0.3,1.1,0.02,0.06,0.02,70.2,10022,4230,16.7,83.6,43.8,13,64.3,28,17,36,21,41,1,DF,10,3,0.18
Ramadan Sobhi,Huddersfield,21,4,0,0,0,0,0,0,0,0,0,0,0,0.3,0,0.33,0,84.1,456,165,100,89.2,25,4,60,2,2,3,0,0,0,FW,0,0,0
Dominic Solanke,Bournemouth,20,10,0,1,0,0,0,0,0,0.26,0,0.9,0.9,0.6,0.22,0.15,0.22,72.3,894,185,38.5,83.5,22.2,8,64.3,8,6,7,2,5,0,FW,9,3,0.78
Pape Souaré,Crystal Palace,28,1,0,0,0,0,0,0,0,0,0,0,0,0,0,0,0,100,88,0,,100,100,0,,0,0,0,0,0,0,DF,0,0,0
Çağlar Söyüncü,Leicester City,22,6,0,0,0,0,1,0,0,0,0,0.1,0.1,0,0.03,0,0.03,85.1,3477,1215,66.7,93,69.7,0,80,7,5,6,6,33,1,DF,2,1,0.24
Julián Speroni,Crystal Palace,39,1,0,0,0,0,0,0,0,0,0,0,0,0,0,0,0,44.4,809,687,,100,42.9,0,,0,0,0,0,0,1,GK,0,0,0
Junior Stanislas,Bournemouth,28,23,2,3,1,1,1,0,0.17,0.26,0.09,3.8,3,2.1,0.33,0.18,0.26,76.2,6607,2288,28.1,84.5,57.6,15,60.7,11,7,13,3,11,0,"MF,FW",33,9,0.79
Dale Stephens,Brighton,29,30,1,1,0,0,6,1,0.04,0.04,0.04,0.3,0.3,0.8,0.01,0.03,0.01,83.6,25024,6533,31.3,88.2,78.1,21,73.3,76,53,40,49,59,1,MF,10,2,0.07
Jack Stephens,Southampton,24,24,1,0,0,0,4,0,0.05,0,0.05,0.9,0.9,0.1,0.05,0.01,0.05,75.5,12501,5043,50,85.1,60.4,4,50,24,15,31,34,121,0,DF,7,5,0.26
Raheem Sterling,Manchester City,23,34,17,9,0,0,3,0,0.55,0.29,0.55,12.5,12.5,9.1,0.4,0.3,0.4,82.2,15362,3204,27.9,88.7,47.1,58,60.6,29,17,36,16,6,0,FW,76,37,1.2
John Stones,Manchester City,24,24,0,0,0,0,1,0,0,0,0,0.3,0.3,0.2,0.01,0.01,0.01,94.5,33895,9566,80,96.2,90.7,5,100,15,11,29,15,67,0,DF,5,1,0.05
Daniel Sturridge,Liverpool,28,18,2,1,0,0,1,0,0.35,0.18,0.35,1.2,1.2,1.3,0.21,0.23,0.21,78.7,2544,746,36.4,82.8,75,8,83.3,3,2,1,2,1,0,"FW,MF",18,6,1.06
Denis Suárez,Arsenal,24,4,0,0,0,0,0,0,0,0,0,0,0,0,0,0,0,91.4,444,69,66.7,92.9,100,0,50,1,1,0,1,0,0,FW,0,0,0
Isaac Success,Watford,22,30,1,1,0,0,4,0,0.09,0.09,0.09,2.6,2.6,2.1,0.23,0.18,0.23,71,4137,885,33.3,75.6,68.8,19,50,21,17,10,2,9,0,"FW,MF",28,11,0.94
Ki Sung-yueng,Newcastle Utd,29,18,0,1,0,0,2,0,0,0.07,0,0.2,0.2,1,0.01,0.07,0.01,80.7,11230,3045,46.2,88.5,69.4,15,44.4,15,10,18,20,15,1,MF,9,2,0.14
Andrew Surman,Bournemouth,31,18,0,0,0,0,2,0,0,0,0,0.3,0.3,0.6,0.02,0.04,0.02,86.4,13930,3962,55.6,89.9,79.3,9,66.7,13,8,29,10,31,0,MF,9,1,0.06
Sam Surridge,Bournemouth,20,2,0,0,0,0,0,0,0,0,0,0.3,0.3,0.1,2.27,0.39,2.27,60,34,0,,60,,1,,0,0,0,0,0,0,"FW,DF",2,1,6.92
Alexander Sørloth,Crystal Palace,22,12,0,0,0,0,0,0,0,0,0,0.2,0.2,0.5,0.11,0.26,0.11,66.1,575,126,60,67.3,60,3,50,1,1,2,0,3,0,"FW,MF",4,2,0.97
Matt Targett,Southampton,22,16,1,3,0,0,2,0,0.08,0.23,0.08,0.6,0.6,2.3,0.04,0.18,0.04,66.3,8192,4023,25,76.9,46.6,22,28.6,27,15,38,26,34,0,"DF,MF",11,3,0.23
James Tarkowski,Burnley,25,35,3,1,0,0,8,0,0.09,0.03,0.09,3.5,3.5,0.2,0.1,0.01,0.1,70.7,19562,7659,26.7,79.7,60.9,6,63.6,71,39,95,40,259,3,DF,24,8,0.23
Charlie Taylor,Burnley,24,38,0,1,0,0,2,0,0,0.03,0,0.1,0.1,1,0,0.03,0,71.7,22327,9588,13.3,84,49.9,12,56.2,56,34,125,35,111,1,DF,6,0,0
Youri Tielemans,Leicester City,21,13,3,4,0,0,2,0,0.25,0.33,0.25,1.8,1.8,2.4,0.15,0.2,0.15,84,10283,2343,34.4,89.1,79.6,19,65,14,11,19,4,15,0,MF,30,10,0.83
James Tomkins,Crystal Palace,29,29,1,1,0,0,5,0,0.04,0.04,0.04,1.5,1.5,1,0.05,0.04,0.05,84,21711,6868,56.3,91,76.6,6,100,45,28,36,39,205,2,DF,23,7,0.25
Lucas Torreira,Arsenal,22,34,2,2,0,0,7,1,0.08,0.08,0.08,1.5,1.5,1.3,0.06,0.05,0.06,87.5,26416,6358,54.5,91.1,79.4,16,73.3,57,46,39,41,41,0,MF,24,6,0.23
Cenk Tosun,Everton,27,25,3,3,0,0,3,0,0.25,0.25,0.25,4,4,0.5,0.34,0.04,0.34,74.5,2712,511,45,77.8,71.4,11,38.9,13,11,8,5,2,0,FW,34,15,1.27
Andros Townsend,Crystal Palace,27,38,6,4,0,0,1,0,0.18,0.12,0.18,5,5,5.4,0.15,0.16,0.15,72.4,14634,3903,29.9,83.3,47.1,64,64.1,60,39,63,37,18,0,"FW,MF",62,17,0.51
Adama Traoré,Wolves,22,29,1,1,0,0,1,0,0.1,0.1,0.1,1.1,1.1,1.6,0.11,0.16,0.11,71.9,4012,1228,34.6,76.7,67.8,17,75,16,8,10,6,8,0,"FW,DF",19,7,0.7
Mark Travers,Bournemouth,19,2,0,0,0,0,0,0,0,0,0,0,0,0,0,0,0,75.4,1271,698,,95.8,60.6,0,,0,0,0,0,0,0,GK,0,0,0
Kieran Trippier,Tottenham,27,27,1,3,0,0,2,0,0.04,0.12,0.04,0.5,0.5,4.1,0.02,0.16,0.02,75.8,29627,11796,21.3,86.9,57.5,48,47.4,66,38,55,23,67,2,DF,8,3,0.12
Antonio Valencia,Manchester Utd,32,6,0,0,0,0,2,0,0,0,0,0.1,0.1,0.8,0.02,0.15,0.02,85.7,4635,1872,30,94,61.9,7,60,10,4,14,5,7,0,"DF,MF",2,0,0
Yan Valery,Southampton,19,23,2,1,0,0,4,1,0.11,0.05,0.11,0.6,0.6,0.2,0.03,0.01,0.03,61.2,6565,2881,16.7,74.1,36.5,5,47.8,50,27,51,20,48,1,"DF,MF",6,5,0.26
Jamie Vardy,Leicester City,31,34,18,4,4,5,3,1,0.59,0.13,0.46,17,13.2,4.3,0.56,0.14,0.43,64.6,4490,864,21.9,70.7,52.4,29,57.6,20,13,25,5,28,0,FW,75,32,1.06
Jan Vertonghen,Tottenham,31,22,1,0,0,0,4,1,0.05,0,0.05,1.5,1.5,0.3,0.07,0.01,0.07,87.2,28046,8789,29.6,92.4,78.9,3,64.3,40,31,36,33,93,3,DF,16,2,0.09
Jannik Vestergaard,Southampton,25,23,0,0,0,0,2,0,0,0,0,0.6,0.6,0.6,0.02,0.03,0.02,75.6,13485,5150,27.8,84.9,59.8,6,85.7,55,33,45,34,165,4,DF,13,1,0.04
Luciano Vietto,Fulham,24,20,1,4,0,0,1,0,0.09,0.37,0.09,2.1,2.1,2.4,0.19,0.22,0.19,76.8,5212,1208,29.2,83.4,60.3,23,48.1,15,12,10,6,3,0,"FW,MF",24,8,0.73
Rúben Vinagre,Wolves,19,17,0,0,0,0,1,0,0,0,0,0.3,0.3,0.8,0.04,0.11,0.04,71,4792,1804,11.1,79.7,47.4,6,63.6,12,7,13,14,11,0,"DF,MF",5,4,0.51
Sam Vokes,Burnley,28,20,3,0,0,0,0,0,0.3,0,0.3,2.5,2.5,0.5,0.25,0.04,0.25,58.3,1987,492,20,63.1,31.6,6,60,5,0,7,0,16,0,FW,23,7,0.69
Michel Vorm,Tottenham,34,2,0,0,0,0,0,0,0,0,0,0,0,0,0,0,0,86.4,1224,603,,100,68,0,,0,0,0,0,0,0,GK,0,0,0
Matěj Vydra,Burnley,26,13,1,1,0,0,1,0,0.28,0.28,0.28,1.5,1.5,0.2,0.43,0.05,0.43,59.7,626,83,40,65.6,36.4,1,37.5,4,3,4,1,2,0,"FW,MF",6,3,0.85
Theo Walcott,Everton,29,37,5,2,0,0,1,0,0.21,0.08,0.21,5.9,5.9,2.4,0.25,0.1,0.25,70.8,6647,2053,35.1,77.9,50.5,21,52.1,26,14,25,23,13,0,"FW,MF",43,21,0.89
Kyle Walker,Manchester City,28,33,1,1,0,0,3,0,0.03,0.03,0.03,0.7,0.7,1.7,0.02,0.05,0.02,88,46092,11890,39.5,93,77.8,24,67.6,46,31,38,38,68,0,DF,20,3,0.1
Kyle Walker-Peters,Tottenham,21,6,0,3,0,0,1,0,0,0.72,0,0.3,0.3,0.6,0.07,0.14,0.07,82.3,2926,1001,13.3,89.1,75,8,77.8,6,2,6,5,4,0,DF,2,0,0
Aaron Wan-Bissaka,Crystal Palace,20,35,0,3,0,0,4,1,0,0.09,0,0.5,0.5,1.8,0.01,0.05,0.01,75.2,17192,8382,29.1,83.9,46.2,14,73.5,134,60,103,86,153,1,DF,9,0,0
Victor Wanyama,Tottenham,27,13,1,0,0,0,2,0,0.17,0,0.17,1,1,0,0.17,0.01,0.17,82.5,4587,906,15.4,87.1,78.3,2,62.5,21,14,13,7,11,0,MF,7,2,0.35
Danny Ward,Cardiff City,26,14,1,0,0,0,0,0,0.2,0,0.2,0.7,0.7,0.2,0.14,0.04,0.14,55.3,807,189,0,54.8,87.5,4,100,1,1,9,1,9,0,FW,12,7,1.42
Joel Ward,Crystal Palace,28,7,1,0,0,0,1,0,0.16,0,0.16,0.5,0.5,0.2,0.09,0.03,0.09,72.3,3043,1705,14.3,80.5,52.5,3,50,13,8,19,10,29,1,DF,2,1,0.16
Stephen Ward,Burnley,32,3,0,0,0,0,1,0,0,0,0,0.1,0.1,0.1,0.03,0.02,0.03,72.7,2162,878,50,80.8,56.3,1,66.7,2,2,5,3,8,0,DF,1,1,0.39
James Ward-Prowse,Southampton,23,26,7,0,1,1,4,0,0.32,0,0.28,3.3,2.6,3.1,0.15,0.14,0.12,68.1,11436,3571,27.6,83.3,42.7,44,50,43,22,34,24,40,1,"MF,DF",30,14,0.65
Danny Welbeck,Arsenal,27,8,1,1,0,0,0,0,0.59,0.59,0.59,0.6,0.6,0.6,0.37,0.38,0.37,75.9,671,266,100,75,77.8,7,42.9,3,3,4,1,1,0,"FW,MF",4,2,1.18
Ashley Westwood,Burnley,28,34,2,7,0,0,5,0,0.06,0.22,0.06,2.1,2.1,5.1,0.07,0.16,0.07,73.9,22653,7205,42.1,84.4,58,43,61.1,63,40,56,46,45,0,MF,22,7,0.22
Connor Wickham,Crystal Palace,25,6,0,1,0,0,0,0,0,1.34,0,0.6,0.6,0.2,0.79,0.33,0.79,46.2,74,26,0,50,,1,,0,0,1,0,2,0,FW,5,1,1.34
Georginio Wijnaldum,Liverpool,27,35,3,0,0,0,3,0,0.1,0,0.1,2.5,2.5,1.2,0.08,0.04,0.08,91.1,28561,6236,47.1,93.2,86.1,21,63.5,43,32,29,24,22,0,MF,30,8,0.26
Danny Williams,Huddersfield,29,5,0,0,0,0,1,0,0,0,0,0,0,0,0.02,0.02,0.02,76.9,339,88,,87,0,1,33.3,1,0,1,1,1,0,MF,1,0,0
Willian,Chelsea,29,32,3,6,0,0,2,0,0.13,0.26,0.13,4.7,4.7,6.2,0.2,0.26,0.2,77.8,19101,5127,23,87.1,58.8,82,59.7,37,25,21,14,7,0,FW,62,22,0.94
Joe Willock,Arsenal,18,2,0,0,0,0,0,0,0,0,0,0.1,0.1,0,0.16,0,0.16,100,207,29,,100,100,0,33.3,1,0,0,1,1,0,MF,2,0,0
Ben Wilmot,Watford,18,2,0,0,0,0,0,0,0,0,0,0,0,0,0,0,0,80,231,143,,80,80,0,,0,0,4,0,0,0,MF,0,0,0
Jack Wilshere,West Ham,26,8,0,1,0,0,2,0,0,0.23,0,0.2,0.2,0.4,0.04,0.09,0.04,91.3,3263,607,100,94,80,5,88.9,5,4,5,7,2,0,MF,2,1,0.23
Callum Wilson,Bournemouth,26,30,14,9,1,2,3,0,0.5,0.32,0.46,14.3,12.8,4.2,0.51,0.15,0.45,70,4917,1214,26.3,74.7,68.5,28,51.2,11,9,12,6,14,0,FW,63,27,0.96
Harry Winks,Tottenham,22,26,1,0,0,0,4,0,0.06,0,0.06,0.6,0.6,0.2,0.03,0.01,0.03,92,23997,4992,58.8,94.6,87.3,6,69.6,24,21,21,21,17,0,MF,9,2,0.11
Chris Wood,Burnley,26,38,10,2,0,0,2,0,0.35,0.07,0.35,8.9,8.9,2,0.31,0.07,0.31,66.1,5246,1004,33.3,71.1,50,15,60.9,10,9,27,3,22,1,FW,58,23,0.8
Granit Xhaka,Arsenal,25,29,4,2,0,0,10,0,0.14,0.07,0.14,1.5,1.5,3.3,0.05,0.12,0.05,82.2,40479,11996,39.1,89.9,69.2,38,72.7,62,38,34,33,63,1,"MF,DF",30,11,0.4
Andriy Yarmolenko,West Ham,28,9,2,0,0,0,2,0,0.39,0,0.39,1.1,1.1,0.5,0.21,0.1,0.21,78.5,2806,801,66.7,82.1,67.4,5,57.1,2,2,9,2,1,0,"FW,MF",9,3,0.59
DeAndre Yedlin,Newcastle Utd,25,29,1,2,0,0,6,1,0.04,0.07,0.04,1,1,2.6,0.03,0.09,0.03,71.5,13744,6354,24.3,81.1,49.6,29,35.7,52,27,76,29,69,0,DF,11,2,0.07
Maya Yoshida,Southampton,29,17,0,1,0,0,0,0,0,0.06,0,1.8,1.8,0.4,0.11,0.03,0.11,78.1,8508,2929,66.7,86.3,64,6,66.7,19,10,45,44,111,2,DF,13,3,0.18
Ashley Young,Manchester Utd,33,30,2,2,0,0,9,1,0.07,0.07,0.07,0.4,0.4,3.4,0.01,0.12,0.01,72.5,27132,11875,26.4,85.5,52.6,42,57.9,56,29,56,53,61,0,DF,12,3,0.11
Pablo Zabaleta,West Ham,33,26,0,1,0,0,4,0,0,0.04,0,0.2,0.2,0.7,0.01,0.03,0.01,75.3,13862,5935,38.2,86,44.2,7,71.4,52,28,50,48,89,3,DF,7,1,0.04
Wilfried Zaha,Crystal Palace,25,34,10,5,0,0,9,1,0.3,0.15,0.3,6.3,6.3,5.8,0.19,0.17,0.19,76.7,12534,3684,27,81.7,70.8,54,58.1,43,33,31,9,2,0,FW,79,30,0.89
Andre-Frank Zambo Anguissa,Fulham,22,22,0,0,0,0,2,1,0,0,0,0.8,0.8,0.3,0.05,0.02,0.05,87.6,15819,4580,52.2,90.2,79.1,7,75.6,45,33,26,30,29,0,MF,20,5,0.3
Davide Zappacosta,Chelsea,26,4,0,0,0,0,0,0,0,0,0,0.1,0.1,0.1,0.04,0.1,0.04,84.6,1256,350,0,89.6,66.7,1,66.7,1,1,4,3,3,0,DF,2,1,0.7
Oleksandr Zinchenko,Manchester City,21,14,0,3,0,0,1,0,0,0.23,0,0.2,0.2,1.2,0.01,0.1,0.01,90.3,21165,5392,37.5,92.7,83.3,12,43.8,31,16,18,22,28,0,DF,7,1,0.08
Kenneth Zohore,Cardiff City,24,19,1,1,0,0,1,0,0.12,0.12,0.12,1.8,1.8,1,0.22,0.12,0.22,66,1408,280,23.1,70.9,61.5,13,71.4,3,1,8,2,5,0,FW,17,7,0.84
Kurt Zouma,Everton,23,32,2,2,0,0,4,1,0.07,0.07,0.07,1.3,1.3,0.4,0.04,0.01,0.04,85.2,26415,8401,39.1,90.6,78.1,6,57.1,34,20,48,50,160,2,DF,17,4,0.14
